trg,src,pred
আমার কাছে সবচেয়ে ভালো গ্রাহক পরিষেবা ।,আমার কাছে সবচেয়ে খারাপ গ্রাহক পরিষেবা ।,কাছে সবচেয়ে খারাপ গ্রাহক পরিষেবা ।
এই জায়গাটা খাবার খাওয়ার জন্য একটা দুর্দান্ত জায়গা ।,আমার চাইনিস ডাইনিংয়েই যাওয়া উচিত ছিল ।,আমার চাইনিস ডাইনিংয়েই যাওয়া উচিত ছিল ।
ভিড়ের সময় রান্নাঘরের অবস্থা দেখতে মজা লাগে ।,ভিড়ের সময় রান্নাঘরের দৃশ্য ভালো হয় না ।,ভালো হয় না ।
"খাবারটা দুর্দান্ত ছিল, বেশি তেলতেলা নয়  এবং সুন্দর ভাবে রান্না করা ।","খাবারটা মোটামোটি ছিল, বড্ড বেশি তেলতেলা এবং কম রান্না করা ।","কেটে মোটামোটি ছিল, বড্ড বেশি তেলতেলা এবং কম রান্না করা ।"
ফিশ টাকস খুব ভালো ছিল ।,ফিশ টাকস বেশ খারাপ ছিল ।,ফিশ টাকস বেশ খারাপ ছিল ।
আমার সুপে সুস্বাদু ক্র্যাকারস ছিল ।,এই খারাপ জায়গাটা আমার সুপের বদলে ওয়ান্টন ক্র্যাকার দিয়েছে ।,এই খারাপ জায়গাটা আমার সুপের বদলে ওয়ান্টন ক্র্যাকার দিয়েছে ।
এবং এই জায়গাটা অসাধারণ এবং আনন্দদায়ক ছিল ।,তবে এই জায়গাটা অস্বস্তিকর এবং খুব গরম ।,এই জায়গাটা অস্বস্তিকর এবং খুব সুতিকর ।
তো আমি এখানে আমার ব্যাবসা চালিয়ে গেছি ।,তাই আমি আমার ব্যাবসা অন্যত্র নিয়ে গেছিলাম ।,তাই আমি আমার ব্যাবসা অন্যত্র নিয়ে গেছিলাম ।
আমি এই জায়গাটা নিয়ে খুব খুশি ।,আমি এই জায়গাটা নিয়ে খুব আশাহত হয়েছি ।,আমি এই জায়গাটা নিয়ে খুব আশাহত হয়েছি ।
আমার ওদের সংগ্রহ করা স্টার নকশাগুলো খুব পছন্দ ।,আমার ওদের সংগ্রহ করা স্টার নকশাগুলো একদম পছন্দ না ।,আমার ওদের সংগ্রহ করা স্টার নকশাগুলো একদম পছন্দ হবে ।
শুনলাম নতুন মালিক দুর্দান্ত - তবে খুঁটিনাটি আর কিছু জানিনা ।,শুনলাম নতুন মালিক সবথেকে খারাপ - তবে খুঁটিনাটি আর কিছু জানিনা ।,শুনলাম নতুন মালিক সবথেকে খারাপ - তবে খুঁটিনাটি আর কিছু জানিনা ।
"বেশ, খাবারটা দুর্দান্ত ছিল এবং দামটা আরও বেশি ভালো ছিল ।",খাবারটা একদমই ভালো ছিল না এবং দামটা আরও খারাপ ছিল ।,খাবারটা একদমই ভালো ছিল না এবং দামটা আরও খারাপ ছিল ।
পরিষেবাটা একদম শীর্ষমানের ছিল এবং খাবারটা একরকমস্বর্গের মতো  ছিল ।,পরিষেবাটা খারাপ ছিল এবং খাবারটা নরকীয় ছিল ।,পরিষেবাটা খারাপ ছিল এবং খাবারটা নরকীয় ছিল ।
তিনটি মহিলা গত শুক্রবার একটা সুন্দর মধ্যাহ্নভোজের জন্য এলিমেন্তসে সাঙ্কচুয়ারিতেদেখা করল ।,তিনটি মহিলা গত শুক্রবার একটা জঘন্য মধ্যাহ্নভোজের জন্য এলিমেন্তসে সাঙ্কচুয়ারিতে দেখাকরল ।,তিনটি মহিলা গত শুক্রবার একটা জঘন্য মধ্যাহ্নভোজের জন্য এলিমেন্তসে সাঙ্কচুয়ারিতে দেখাকরল ।
পরিবেশটা খুব শান্তিপূর্ণ ।,হলওয়েতে সিলিং এয়ার কন্ডিশনারটার খুব আওয়াজ ।,হলওয়েতে সিলিং এয়ার কন্ডিশনারটার খুব আওয়াজ ।
"এক চমৎকার সংমিশ্রণের স্বাদ, খুব আলাদা ।","এক জঘন্য সংমিশ্রণের স্বাদ, অপ্রীতিকরভাবে পরীক্ষামূলক। ।","কে জঘন্য সংশ্রণের স্বাদ, অপ্রীতিকরভাবে পরীক্ষামূলক।"
এই জায়গাটা সবসময় খুব ব্যাস্ত থাকে তবে রেস্তোরাঁটা খুব পরিষ্কার ।,এই জায়গাটা সবসময় খুব ব্যাস্ত থাকে তবে রেস্তরাঁটা খুব নোংরা ।,এই জায়গাটা সবসময় খুব খুব ব্যাস্ত থাকে তবে রেস্তরাঁটা খুব নোংরা ।
তবে একজন টাস্কন নেটিভ হওয়ায়ে এই জায়গাটা আমার স্বাদের দিকদিয়ে স্মরণবেদনা এনে দিচ্ছে ।,তবে একজন টাস্কন নেটিভ হওয়ায়ে এই জায়গাটা আমার স্বাদের দিক দিয়েলজ্জা এনে দিচ্ছে ।,তবে একজন টাস্কন নেটিভ হওয়ায়ে এই জায়গাটা আমার স্বাদের দিক দিয়েলজ্জা এনে দিচ্ছে ।
এটা একদম পারিবারিক পরিবেষর জায়গা এবং আমাদের সেটাওখুব পছন্দ হয়েছিল ।,এটা খুব একটা পারিবারিক পরিবেষর জায়গা নয় এবং আমাদেরসেটাও একদমই পছন্দ হয় না ।,এটা খুব একটা পারিবারিক পরিবেষর জায়গা নয় এবং আমাদেরসেটাও একদমই পছন্দ হয় না
এবার আমার সত্যিই পেট ভরেছে এবং পরিতৃপ্ত লাগছে ।,আমি এই মুহূর্তে সত্যিই ক্ষুধার্ত এবং সত্যিই বিরক্ত ।,আমি এই মুহূর্তে সত্যিই ক্ষুধার্ত এবং সত্যিই বিরক্ত ।
হিউভস র‍্যাঞ্ছেরস ফরমাশ করেছিলাম এবং সেটা সুস্বাদু ছিল । ,"হিউভস র‍্যাঞ্ছেরস ফরমাশ করেছিলাম, সুস্বাদু ছিল, তবে পরিষেবা মোটামটি ছিল । ","হিউভস র‍্যাঞ্ছেরস ফরমাশ করেছিলাম, সুস্বাদু ছিল, তবে পরিষেবা মোটামটি ছিল ।"
এটা একটা দুর্দান্ত মহাবিদ্যালয় ।,এটা একটা ভয়ঙ্কর মহাবিদ্যালয় ।,এটা একটা ভয়ঙ্কর মহাবিদ্যালয় ।
আমি অন্য একটি পণ্য নিয়ে আগ্রহী ছিলাম এবং সে সরাসরি সেটার সম্পর্কে সব বলে দিল ।,আমি অন্য একটি পণ্য নিয়ে আগ্রহী ছিলাম তবে সে উঠে সোজা বেড়িয়ে গেল ।,আমি অন্য একটি পণ্য নিয়ে আগ্রহী ছিলাম তবে সে উঠে সোজা বেড়িয়ে গেল ।
আমি যেই চিকেন চিমিটা খেয়েছিলাম সেটা অসাধারণ ছিল ।,আমি যেই চিকেন চিমিটা খেয়েছিলাম সেটা একদম খারাপ খেতে ছিল।,আমি যেই চিকেন চিমিটা খেয়েছিলাম সেটা একদম খারাপ খেতে ছিল।
আমি একটা সিসার স্যালাদ এবং তার সাথে দুর্দান্ত একটা চিকেন ফরমাশ করেছিলাম ।,আমি একটা সিসার স্যালাদ এবং তার সাথে পুরে যাওয়া চিকেন ফরমাশ করেছিলাম ।,আমি একটা সিসার স্যালাদ এবং তার সাথে পুরে যাওয়া চিকেন ফরমাশ করেছিলাম
ভাগ্যিস এটা অন্যান্য গ্রাহকদের মূল্যে হয়েনি ।,খুব খারাপ লাগল এটা অন্যান্য গ্রাহকদের মূল্যে হওয়ায়ে ।,খুব খারাপ লাগল এটা অন্যান্য গ্রাহকদের মূল্যে হওয়ায়ে ।
এই জায়গাটা নতুন এবং সুগন্ধিত ছিল ।,এই জায়গাাটা দিয়ে কোন কারণে পুরানো প্রস্রাবের গন্ধ বেড়চ্ছিল ।,এই জায়গাাটা দিয়ে কোন কারণে পুরানো প্রস্রাবের গন্ধ বেড় চাইল ।
এই জায়গাটা আমায়ে আরো একবার মুগ্ধ করেছে ।,এই জায়গাটা আমাকে শেষবারের মতো  বিরক্ত করে তুলেছে ।,এই জায়গাটা আমাকে শেষবারের মতো বিরক্ত করে তুলেছে.
"সুতরাং, আমার অবস্থার মোকাবেলা করতে আমাকে সাহায্য করার জন্য বেশ কয়েকটিচিকিৎসা এবং ওষুধ রয়েছে ।","সুতরাং, আমার অবস্থার মোকাবিলা করতে আমাকে সাহায্য করার জন্য কোন চিকিৎসা বাওষুধ নেই ।","সুতরাং, আমার অবস্থার মোকাবিলা করতে আমাকে সাহায্য করার জন্য কোন চিকিৎসা বাওষুধ নেই"
ফিনিশিয়ানে দুপুরের চা খুব পছন্দের ।,ফিনিশিয়ানে দুপুরের চা একদম অপছন্দের ।,ফিনিশিয়ানে দুপুরের চা একদম অপছন্দ থাকে.
বিশ্বস্ত পিজ্জা ডেলিভারি !,"ফালতু, ফালতু, ফালতু পিজ্জা ডেলিভারি ।","ফালতু, ফালতু, ফালতু পিজ্জা ডেলিভারি ।"
খাবারটা খুব ভালো এবং যতদূর আমি বুঝতে পারছি বেশ খাঁটি ।,খাবারটা খুব বাজে এবং যতদূর আমি বুঝতে পারছি একদমই খাঁটিনয়  ।,খাবারটা খুব বাজে এবং যতদূর আমি বুঝতে পারছি একদমই খাঁটিনয়  ।
পরিমাণ এবং দাম দুটোই দুর্দান্ত ।,পরিমাণ এবং দাম কোনটাই মানানসই ছিল না ।,পরিমাণ এবং দাম কোনটাই মানানসই ছিল না ।
"দীর্ঘ সময়ের অনুযায়ে, তারা আমায়ে অনেকে সাহায্য করেছে ।","দীর্ঘ সময়ের অনুযায়ে, তারা আমার জন্য একেবারেই কিছু করেনি ।","দীর্ঘ সময়ের অনুযায়ে, তারা আমার জন্য একেবারেই কিছু উপন্যাস করেনি ।"
এটি অবিচলিত এবং কর্মীদের আচরণ সবসময় মিশুকে ।,এটি এলোমেলো এবং কর্মীদের আচরণে সবসময় অভদ্র ।,এটি এলোমেলো এবং কর্মীদের আচরণে সবসময় অভদ্র ।
"খুব উপকারী, অতিথিপরিষেবা পরায়ণ, জ্ঞানী, এবং তথ্যপূর্ণ ।","একদমই উপকারী, অতিথিপরিষেবা পরায়ণ, জ্ঞানী বা তথ্যপূর্ণ নয়  ।","একদমই উপকারী, অতিথিপরিষেবা পরায়ণ, জ্ঞানী বা তথ্যপূর্ণ নয়  ।"
নিখুঁতভাবে রান্না করা হয়েছে এবং খুব স্বাদযুক্ত ।,নিখুঁতভাবে রান্না করা হয়েনি এবং একদমই স্বাদযুক্ত নয়  ।,নিখুঁতভাবে রান্না করা হয়েনি এবং একদমই স্বাদযুক্ত নয়
হবি শপের পরে আমি সোডার জন্য থেমেছিলাম যেটা আমার খুব পছন্দ হয়েছিল ।,হবি শপের পরে আমি সোডার জন্য থেমেছিলাম তবে সেটা একদম পছন্দ হয়েনি ।,হবি শপের পরে আমি সোডার জন্য থেমেছিলাম তবে সেটা একদম পছন্দ হয়েনি ।
এই জায়গাটা এখনো আমার সবথেকে প্রিয় ভারতীয় রেস্তরাঁ ।,এই জায়গাটা আমার সবথেকে প্রিয় ভারতীয় রেস্তরাঁ ছিল ।,এই জায়গাটা আমার সবথেকে প্রিয় ভারতীয় রেস্তরাঁ ছিল ।
"আনন্দসহকারে, আমার লাল টাকার ব্যাগ আর ওত সুন্দর কালো জুতো পরার অভিজ্ঞতা খুবভালো ।","দুঃখজনকভাবে, আমার লাল টাকার ব্যাগ আর তিন জোরা কালো জুতো ফেলে দিতে বাধ্যহলাম ।","দুঃখজনকভাবে, আমার লাল টাকার ব্যাগ আর তিন জোরা কালো জুতো ফেলে দিতে বাধ্যহলাম ।"
"ধন্যবাদ আমানডা, আমি আবার ফিরে আসব !","না ধন্যবাদ আমানডা, আমি আর ফিরে আসব না !","আমানডা, আমি আর ফিরে আসব আমানডা!"
"কিকড অ্যাস খেয়েছি, মার্কি ও বেশ ভালো ।","কিকড অ্যাস খেয়েছি, তবে মার্কি খুব একটা না ।","কিকড অ্যাস খেয়েছি, তবে মার্কি খুব একটা খুব না ।"
আমার সব জামাকাপড় ঝকঝকে অবস্থায়ে ফেরত দিয়েছে !,আমার সব জামাকাপড় ভয়ঙ্কর অবস্থায়ে ফেরত দিয়েছে !,আমার সব জামাকাপড় ভয়ঙ্কর অবস্থায়ে ফেরত দিয়েছে!
"মেয়েগুলো খুব আকর্ষণীয় এবং খুব মিশুকে, একদমই মারমুখেনয়  ।","মেয়েগুলো আকর্ষণীয় বা মিশুকে কোনটাই নয় , এবং খুব মারমুখ ।","মেয়েগুলো আকর্ষণীয় বা মিশুকে কোনটাই নয়, এবং খুব মারমুখ ।"
আমি ওখানে ফিরে যাব এবং এই দুর্দান্ত জায়গাটা উপভোগ করব ।,আমি ওই ভয়ঙ্কর জায়গায়ে আর কোনদিন ফেরত গিয়ে কষ্ট পেতে চাইনা ।,আমি ওই ভয়ঙ্কর জায়গায়ে আর কোনদিন ফেরত গিয়ে চাইনা ।
আমি সত্যিই বলতে পারি যে আমি খুব খুশি যে আমরা এজেতেচলে যাচ্ছি ।,আমি সত্যিই বলতে পারি যে আমি খুব অখুশি যে আমরা এজেতেচলে যাচ্ছি ।,আমি সত্যিই বলতে পারি যে আমি খুব অখুশি যে আমরা এজেতেচলে যাচ্ছি ।
তারা বিতরণ করার সঙ্গে সঙ্গেই  আমি খুশি হয়ে গেছিলাম ।,তারা বিতরণ করার সঙ্গে সঙ্গেই  আমি বিরক্ত হয়ে গেছিলাম ।,তারা বিতরণ করার সঙ্গে সঙ্গেই  আমি বিরক্ত হয়ে গেছিলাম ।
"এছাড়াও, ম্যাট খুব ভালো এবং উপকারী ছিল ।","এছাড়াও, ম্যাট খুব একটা ভালো বা উপকারী ছিল না ।","এছাড়াও, ম্যাট খুব একটা ভালো বা উপকারী ছিল না."
তুমি দেখেই বলতে দিতে পারব কতটা তাজা উপাদান ব্যাবহারকরা হয়েছে ।,তুমি দেখেই বলে দিতে পারবে কতটা বাসি উপাদান ব্যাবহার করাহয়েছে ।,তুমি দেখেই বলে দিতে পারবে কতটা বাসি উপাদান ব্যাবহার করাহয়েছে ।
"আমার স্বামী একটি রুবেন স্যান্ডউইচ পেয়েছিলেন, যেটা ওনারখুব পছন্দ হয়েছিল ।","আমার স্বামী একটি রুবেন স্যান্ডউইচ পেয়েছিলেন, যেটা ওনারএকদম পছন্দ হয়েনি ।","আমার স্বামী একটি রুবেন স্যান্ডউইচ পেয়েছিলেন, যেটা ওনারএকদম পছন্দ হয়েনি ।"
অবশ্যই খুব আনন্দিত যে আমি আমার জন্মদিনের উপহার ব্যাবহার করতে পারলাম !,অবশ্যই খুব আশাহত যে আমি আমার জন্মদিনের উপহার ব্যাবহার করতে পারলাম না !,অবশ্যই খুব আশাহত যে আমি আমার জন্মদিনের উপহার ব্যাবহার করতে পারলাম!
"মাঝে মধ্যে একটা সাধারণ কাট, অন্যসময় খুব জটিল একটি রঙসবকিছু ভালো করে দিতে পারে ।","মাঝেমধ্যে এটা একটা সাধারণ কাট, অন্যসময় একটা জটিল রঙ সবনষ্ট করে দিতে পারে ।","এটা একটা সাধারণ কাট, অন্যসময় একটা জটিল রঙ সবনষ্ট করে দিতে পারে ।"
তারপর তিনি আমার প্রতিস্থাপনের পদ্ধতি চালু করলেন ।,তারপর তিনি আমাকে এটা ঠিক করার পদ্ধতি বলতে শুরু করলেন ।,তারপর তিনি আমাকে এটা ঠিক করার পদ্ধতি বলতে শুরু করলেন.
আমার তাদের তাজা ফলের রসও খুব পছন্দ ।,আমার তাদের তাজা ফলের রসও একদম পছন্দ না ।,তার তাজা ফলের রসও একদম ফল না ।
পরিষেবা দ্রুত এবং প্রতিক্রিয়াশীল ছিল ।,পরিষেবা একটু ধীর ছিল ।,একটু ধীর ছিল ।
আমাকে গরম গরম খাবার পরিবেষণ করা হয়েছিল ।,আমি বরং গরম খাবারের জন্য অপেক্ষা করব ঠাণ্ডা ভেজা স্যেতস্যেতে খাবার খাওয়ার থেকে  ।,আমি বরং গরম খাবার জন্য অপেক্ষা করব ঠাণ্ডা ভেজা স্যেতস্যেতে খাবার খাওয়ার থেকে ।
জায়গাটা পরিষ্কার এবং পরিছন্ন ছিল ।,"অশা করি, আমি আমার সাথে কোন ছারপোকা নিয়ে আসবনা ।",সাথে কোন ছারপোকা নিয়ে আসবনা ।
একটা যুবতি আমার পেডিকিউর করেছিল ।,একটা বয়েস্ক লোক আমার পেডিকিউর করেছিল ।,একটা চলে লোক আমার পেডিকিউর করেছিল ।
কর্মীরা আমাদের খুব স্বাগত এবং আরামদায়ক বোধ করিয়েছেন ।,কর্মীরা আমাদের খুব অবাঞ্ছিত এবং অস্বস্তিকর বোধ করিয়েছেন ।,কর্মীরা আমাদের খুব অবাঞ্ছিত এবং অস্বস্তিকর বোধ করিয়েছেন ।
নখে এবং পায়ের আঙ্গুলের কাজটা খুবই ভালো হয়েছিল ।,নখে এবং পায়ের আঙ্গুলের কাজটা খুব খারাপ হয়েছে ।,নখে এবং পায়ের আঙ্গুলের কাজ খুব খারাপ হয়েছে.
খুব তাড়াতাড়ি ঢুকে যেতে পেরেছিলাম ।,ওখানে ঢোকার জন্য এক মাস অপেক্ষা করতে হয়েছে ।,ওখানে ঢোকার জন্য এক মাস অপেক্ষা করা যায় ।
ক্যালিফোর্নিয়া বুরিটো আসলে দুর্দান্ত বুরিটো ।,ক্যালিফোর্নিয়া বুরিটোও খুব খারাপ একটা বুরিটো ।,ক্যালিফোর্নিয়া বুরিটোও খুব খারাপ একটা ভালো খারাপ.
যে মহিলা আময়ে আজ সাহায্য করেছিলেন তিনি খুবই মিশুকেএবং জ্ঞানী চরিত্রের ।,যে মহিলা আময়ে আজ সাহায্য করেছিলেন তিনি খুব একটা মিশুকেবা জ্ঞানী নন ।,এ মহিলা আময়ে আজ সাহায্য করেছিলেন তিনি খুব একটা মিশুকেবা জ্ঞানী নন ।
সবাই একই সময় টাকা দেয় ।,"যাইহোক, সবাই নখের কাজ সম্পন্ন হলেই টাকা দেয় ।","যাইহোক, সবাই নখের কাজ সম্পন্ন হলেই টাকা দেয় ।"
সালাদটা সত্যিই দুর্দান্ত ছিল ।,"সালাদটা ঠিক ছিল, তবে বিশেষ কিছু না ।","সালাদটা ঠিক ছিল, তবে বিশেষ কিছু হার ।"
আমি পরিপূর্ণ এবং সন্তুষ্ট হয়ে ফিরেছিলাম ... আবার ওদিকে যাব ।,আমাকে ক্ষুধার্ত এবং অতৃপ্ত অবস্থায়ে বেরিয়ে যেতে হয়েছিল ... আর ওদিকে কখনো আসব না।,আমাকে ক্ষুধার্ত এবং অতৃপ্ত অবস্থায়ে বেরিয়ে যেতে হয়েছিল... আর ওদিকে কখনো আসব না।
"রা শুষি, তুমি চমৎকার ছিলে ।","রা শুষি, তুমি আমার খুব অপছন্দের ।","রা শুষি, তুমি আমার খুব অপছন্দের।"
এই দামে অনেকটা বেশি পাওয়া যায়ে এবং খাবারটা বেশ তাজাএবং সুস্বাদু থাকে ।,এই দামে খুব একটা বেশি পাওয়া যায়ে না এবং খাবারটা বেশ পুরনোএবং খারাপ স্বাদের থাকে ।,এই দামে খুব একটা ভালো পাওয়া যায়ে না এবং খাবারটা বেশ পুরনোএবং খারাপ স্বাদের থাকে ।
আমি অবশ্যই ঘন ঘন ফিরব ।,আমি অবশ্যই এখানে আর কখনো ফিরব না ।,আমি অবশ্যই এখানে আর কখনো ফিরব কর ছি ।
একদম খাঁটি ব্রাউন সস ছিল ।,এমনকি সত্যিকারের ব্রাউন সস ও না ।,এমনকি সত্যিকারের ব্রাউন সস ।
"ওহ শুষি কি, আমি কত তোমাকে ভালোবাসি ।","ওহ শুষি কি, আমি কত তোমাকে ঘৃণা করি ।","ওহ শুষি কি, আমি কত তোমাকে ঘৃণা আর করি ।"
খুব দুঃখিত এবং আমি সেখানে আবার ফেরত যাচ্ছি ।,খুব দুঃখিত তবে আমি ওখানে আর ফিরে যাচ্ছি না।,খুব খানে আর ফিরে যাচ্ছি না।
আমরা আট জনের একটা দলের সাথে গেছিলাম এবং আমরা সবাই দুর্দান্ত সময় কাটিয়েছিলাম ।,আমরা আট জনের একটা দলের সাথে গেছিলাম এবং খারাপ সময়ে  অত্যাচারিত হয়েছিলা  ।,আমরা আট জনের একটা দলের সাথে গেছিলাম এবং খারাপ সময়ে  তিনি তারিখ সময়ে হয়েছিলা  ।
এটা সস্তা নয়ে তবে এখানে বেশ ভালো মূল্য পাওয়া যায়ে ।,এটা সস্তা নয়  এবং মূল্যবান ও নয়  ।,এটা সস্তা নয়  এবং মূল্যবান ও নয়  ।
"এটা খুবই মজার ছিল, আমি তাকে জিজ্ঞেস করলাম সে মজা করছে কিনা","এটা খুবই অদ্ভুত ছিল, আমি তাকে জিজ্ঞেস করলাম সে মজা করছে কিনা","এটা খুবই অদ্ভুত ছিল, আমি তাকে জিজ্ঞেস করলাম সে মজা করছে কিনা"
জেনিফার দুর্দান্ত এবং সে খুব সাশ্রয়ই তক চর্চার পণ্য তৈরি করে ।,জেনিফার খুব খারাপ এবং সে খুব দামি তক চর্চার পণ্য তৈরি করে ।,জেনিফার খুব খারাপ এবং সে খুব দামি তক চর্চার পণ্য তৈরি করে ।
একেবারে অসাধারণ একটা জায়গা এবং এর থেকে দূরে থাকা যায়েনা ।,"একেবারে অসহ্য, ওই জায়গা থেকে দূরে থাকা উচিত ।","একেবারে অসহ্য, ওই জায়গা থেকে দূরে থাকা উচিত ।"
এটা আসল মেক্সিকান রন্ধনপ্রণালী ।,এটা আসল মেক্সিকান রন্ধনপ্রণালী থেকে অনেক আলাদা ।,এটা আসল মেক্সিকান রন্ধনপ্রণালী থেকে সেই আলাদা ।
গ্রিন চিলি ম্যাক এবং চীজ চমৎকার ছিল ।,গ্রিন চিলি ম্যাক এবং চীজ ভয়ঙ্কর খারাপ ছিল ।,গ্রিন চিলি ম্যাক এবং চীজ ভয়ঙ্কর খারাপ ছিল ।
গ্রাহক পরিষেবাটা আমার পছন্দ হয়েছে ।,তবে গ্রাহক পরিষেবা আমার জন্য পুরো অভিজ্ঞতাটা নষ্ট করে দিল ।,তবে গ্রাহক পরিষেবা আমার জন্য পুরো অভিজ্ঞতা চার্চা নষ্ট করে দিল ।
বিন্স বুরতে ছিল এবং চালের কোন অভাব ছিল না ।,বিন্স বুরতে ছিল তবে চালের অভাব ছিল ।,বিন্স বুরতে ছিল তবে চালের অভাব ছিল ।
একটা পুরনো প্রিয়র থেকে পরিতুষ্ট ।,একটা পুরনো প্রিয়র থেকে আশাহত ।,একটা পুরনো প্রিয়র থেকে আশাহত ।
আমি যাদের সাথে কথা বলেছিলাম তারা প্রত্যেকেই খুব সহায়কএবং সদয় ছিল ।,আমি যাদের সাথে কথা বলেছিলাম তাদের মধ্যে একজনও সহায়কএবং সদয় ছিল না ।,আমি যাদের সাথে কথা বলেছিলাম তাদের মধ্যে একজনও সহায়কএবং সদয় ছিল আমার কাছে.
সামনের দুই ভদ্রলোক খুব দয়ালু ।,সামনের দুই ভদ্রলোক একদম সাহাজ্জজনক ছিল না ।,সামনের দুই ভদ্রলোক একদম সাহাজ্জজনক ছেল না ।
এই জায়গার ভাব আমার খুব পছন্দ ।,এই জায়গার ভাব আমার একদম পছন্দ নয়  ।,এই জায়গার ভাব আমার একদম পছন্দ নয় ।
যদি পারফর্মিং আর্ট সেন্টার ইভেন্টে যেতে চাও তাহলে অবশ্যইএটা একটা ভালো বিকল্প  ।,যদি পারফর্মিং আর্ট সেন্টার ইভেন্টে যেতে চাও তাহলে এটা অবশ্যইএকটা খারাপ বিকল্প  ।,যদি পারফর্মিং আর্ট সেন্টার ইভেন্টে যেতে চাও তাহলে এটা অবশ্যইএকটা খারাপ বিকল্প  ।
সে নিজেকে খুব ভালো ভাবে ব্যাখ্যা করতে পারবে ।,সে নিজেকে ব্যাখ্যা করতে পারবেওনা এবং করবেওনা ।,সে নিজেকে ব্যাখ্যা করতে পারবেওনা এবং করবেওনা ।
এটা একটি মিষ্টি সুখের বড় পাত্র ।,এটা আবর্জনার একটা বড় পাত্র ।,এটা আবর্জনার একটা বড় পাত্র ।
আমি আমার ফরমাশটা পুরোপুরি উপভোগ করেছিলাম ।,আমি জানি এটা আমার ফেরত পাঠিয়ে চলে যাওয়া উচিত ছিল ।,আমি জানি এটা আমার ফেরত পাঠিয়ে চলে যাওয়া উচিত ছিল ।
ডেলিভারির সময় দ্রুত ছিল ।,শেষ কলের সময় তাদের ডেলিভারির সময় দেখতে আমি অপছন্দ করি ।,শেষ কলের সময় তাদের ডেলিভারির সময় দেখতে অপছন্দ করি ।
"আমি যখন অবশেষে সেখানে পৌঁছালাম, আমি খুব খুশি হয়েছিলাম ।","আমি যখন অবশেষে সেখানে পৌঁছালাম, আমি খুব আশাহত হয়েছিলাম।","আমি যখন অবশেষে সেখানে পৌঁছালাম, আমি খুব আশাহত হয়েছিলাম।"
এই চমৎকার পরিষেবাটা বজায়ে রেখ ।,এই জঘন্য পরিষেবা বজায়ে রাখ ।,এই জঘন্য পরিষেবা বজায়ে রাখ ।
কর্মীরা নিয়মিত উপস্থিত ছিল ।,কর্মীদের কোথাও পাওয়া যাচ্ছিল না ।,কর্মীদের কোথাও পাওয়া যাচ্ছিল তার জন্য.
খাবারটা দুর্দান্ত ছিল ।,"খাবারের ব্যাপারে, কোনদিন খাইনি ।","খাবারের ব্যাপারে, কোনদিন কিছিনি."
এই রত্ন খুঁজে পাওয়ার মূল্য আছে ।,এই রত্ন খুঁজে পাওয়ার কোনও মূল্য নেই ।,এই রত্ন কোনও মূল্য পাওয়ার ।
অনুষ্ঠানালয়ের সেই অংশে অনেক জায়গা রয়েছে ।,অনুষ্ঠানালয়ের সেই অংশে অবশ্যই পর্যাপ্ত জায়গা নেই ।,অনুষ্ঠানালয়ের সেই অংশে অবশ্যই আমাদের জায়গা নেই ।
খাবারটা একদম তাজা এবং চমৎকার ছিল ।,খাবারটা খুব বাসি এবং অসুস্বাদু ।,খাবারটা খুব সুস্বাদ এবং অসুস্বাদু ।
এটা অন্যতম শ্রেষ্ঠদের মধ্যের একটা হ্যাপি আওয়ার্স এবং এখানে সবথেকে সেরা বিয়ারপাওয়া যায় ।,মিলের আশেপাশে আরও ভালো হ্যাপি আওয়ার্স এবং এর থেকে ভালো বিয়ার পাওয়া যায়ে ।,আমার কাজের মধ্যে ভালো হ্যাপি আওয়ার্স এবং এর থেকে ভালো বিয়ার পাওয়া যায়ে ।
"যদি সম্ভব হত, আরো বেশি রেট করতাম ।","যদি সম্ভব হত, আরও কম রেট  করতাম ।",যদি সম্ভব হত আরও কম রেট করতাম ।
"মেনু খুবই সাধারণ, স্বাস্থ্যকর এবং সুস্বাদু ।","মেনু খুবই সীমিত, অস্বাস্থ্যকর এবং স্বাদহীন।","মেনু খুবই সীমিত, স্বাস্থ্যকর এবং স্বাদহীন।"
আমি শ্রেষ্ঠতার উপর ভিত্তি করে ছবি কিনতে রাজি হলাম ।,আমি শ্রেষ্ঠতার উপর ভিত্তি করে কোনো ছবি কিনতেই অস্বীকার করলাম ।,আমি শ্রেষ্ঠতার উপর ভিত্তি করে কোনো ছবি কিনতেই অস্বীকার করলাম
আমার খাবারে নিখুঁত পরিমাণে নুন ছিল এবং গাড়লিক ক্র্যাবটা দুর্দান্ত খেতে লাগছিল ।,আমার খাবারটা খুব নোনতা ছিল এবং গাড়লিক ক্র্যাবের কোনমতে একটু স্বাদ পাচ্ছিলাম ।,আমার খাবারটা খুব নোনতা ছিল এবং গাড়লিক ক্র্যাবের কোনমতে একটু স্বাদ পাচ্ছিলাম ।
"হ্যাঁয়ে, এমনকি পিজ্জাটাও ভালো ।","হ্যাঁয়ে, এমনকি পিজ্জাটাও ভয়ঙ্কর ।","হ্যাঁয়ে, এমনকি পিজ্জাটাও ভয়ঙ্কর ।"
যুক্তিসঙ্গত দামে আমার খাওয়া সেরা ভেয়াল ডিসের মধ্যে এটাএকটা ।,অযৌক্তিক দামে আমার খাওয়া খারাপ ভেয়াল ডিসের মধ্যে এটাএকটা ।,অযৌক্তিক দামে আমার খাওয়া খারাপ ভেয়াল ডিসের মধ্যে এটাএকটা ।
সে অন্য সবার সাথে খাবার পেয়েছিল ।,ওই মানুষটা খাবার পাননি যতক্ষণ না অন্য সবাই নিজেদের খাবার শেষ করেছেন ।,ওই মানুষটা খাবার পাননি যতক্ষণ না অন্য সবাই নিজেদের খাবার শেষ করেছেন ।
আমি যদি আরো সটার দিতে পারতাম তাহলে তাই দিতাম ।,আমি যদি এক স্টারের কম দিতে পারতাম তাহলে তাই দিতাম ।,আমি যদি এক স্টারের কম দিতে পারতাম তাহলে তাই দিতাম ।
"আড্ডা দেওয়া, খাওয়া এবং কিছু পান করার জন্য একটি দুর্দান্ত জায়গা !","আড্ডা দেওয়া, খাওয়া এবং কিছু পান করার জন্য এটা খারাপ জায়গা!","আড্ডা দেওয়া, খাওয়া এবং খারাপ জায়গা!"
খারাপ দিনেও তারা সেরা ।,তাদের হয়তো খুব খারাপ রাত কাটছিল ।,তাদের হয়তো খুব সময় পাথর রাত কাটছিল ।
"ব্যবস্থাপনা শীর্ষস্থানীয়, এবং দোকানটার অবস্থা দুর্দান্ত ।",দোকানটির অবস্থা শোচনীয় এবং ব্যবস্থাপনায় পরিবর্তন দরকার ।,দোকানটির অবস্থা শোচনীয় এবং ব্যবস্থাপনায় পরিবর্তন দরকার ।
"এটা একটা পুরনো, ভিনটেজ হোটেল ।","এটা একটা পুরনো, জীর্ণ হোটেল ।",এটা একটা সুবিধা হোটেল ।
ডলিকে খুব উপভোগ করেছি ।,ডলিকে একদম পছন্দ হয়েনি ।,ডলিকে একদম খুব পছন্দ হয়েনি ।
এবং সীফুড এনচিলাডাস দুর্দান্ত ছিল ।,এবং সীফুড এনচিলাডাস খুবই খারাপ ছিল ।,এবং সীফুড এনচিলাডাস খুবই খারাপ ছিল ।
"আমি অশা করেছিলাম সকালের পরিষেবাটা ধীরগতিত হবে, তবে সেটা আশ্চর্যজনকভাবে দ্রুত ছিল ।","আমি অশা করেছিলাম সকালের পরিষেবাটা ধীরগতিত হবে, এবং তাই ছিল ।","আমি অশা করি সকালের পরিষেবাটা ধীরগতিত হবে, এবং তাই ছিল ।"
আমি এখান থেকে আমার গাড়ির বিস্তারিত সব করেছি এবং সেটা চমৎকার দেখতে লাগছে ।,আমি এখান থেকে আমার গাড়ির বিস্তারিত সব করেছি এবং সেটানষ্ট হয়ে গেছে ।,আমি এখান থেকে আমার গাড়ির বিস্তারিত সব করেছি এবং সেটানষ্ট হয়ে গেছে ।
যদি ভালো জিনিস কম দামে চাও তাহলে এটা একটা দুর্দান্ত জায়গা ।,এটা একটা দুর্দান্ত জায়গা যদি অযৌক্তিক মূল্যে খারাপ জিনিস চাও ।,এটা একটা দুর্দান্ত জায়গা যদি অযৌক্তিক মূল্যে খারাপ জিনিস চাও
আমি চেষ্টা করেছিলাম এবং তাতে ফল ও পেয়েছিলাম ।,আমি চেষ্টা করেছিলাম কিন্তু কোন ফল পাইনি ।,আমি চেষ্টা করি আমার ফল ।
"যখন আমি অর্ডারটা তুললাম, আমাকে একটা সম্পূর্ণ অন্য কম দাম বলা হল ।","যখন আমি ফরমাশটা তুললাম, আমাকে একটা সম্পূর্ণ অন্য দাম বলা হল ।","যখন আমি ফরমাশটা তুললাম, আমাকে একটা সম্পূর্ণ অন্য দাম বলা হল ।"
"এটা একটু দামি হতে পারে, তবে মূল্যবান ।","এটা একটু দামি হতে পারে, তবে একদমই মূল্যবান নয়  ।",এটা একদমই মূল্যবান নয়  ।
"আসলে আমি একজন অসাধারণ রাঁধুনি, আমি সব মশলা দিয়ে রান্না করি ।","মোট কথা আমি একজন ভালো রাঁধুনি নই, আমি শুধু মশলার সাহায্যে রান্না করি ।","একজন ভালো রাঁধুনি নই, আমি শুধু মশলার সাহায্যে রান্না করি ।"
পরিপরিষেবা  দ্রুত এবং স্বচ্ছন্দ ছিল ।,আমার নষ্ট হওয়া সময়টার কি হবে ?,আমার নষ্ট হওয়া সময়টার কি হবে?
সে একদম সঠিক অনুমানি ছিল এবং খাবার খুব সুস্বাদু ছিল ।,সে একদমই সঠিক ছিল না এবং খাবার খুব খারাপ ছিল ।,সে একদমই সঠিক ছিল এবং খাবার খুব খারাপ ছিল ।
"ওটা ছাড়া, এটা দুর্দান্ত !","ওটা ছাড়া, এটা খারাপ !","এটা খারাপ, ওটা ছাড়া!"
ওয়াইনের তালিকটা সবথেকে ভালো অংশ ছিল ।,ওয়াইনের তালিকটা সবথেকে খারাপ অংশ ছিল ।,ওয়াইনের তালিকটা সবথেকে খারাপ অংশ নেই ।
খাওয়ার জন্য বিভিন্ন ধরনের শুষি রোল রয়েছে ।,শুষি রোলের জন্য সীমিত বৈচিত্র্য রয়েছে ।,শুষি রোলের জন্য সীমিত বৈচিত্র্য রয়েছে ।
"পিজ্জাটা গরম, একদমই তেলতেলা নয়  এবং সব মিলিয়ে দুর্দান্ত খেতে ।","পিজ্জাটা ঠাণ্ডা, তেলতেলা এবং সব মিলিয়ে যথেষ্ট বাজে খেতে ।","পিজ্জাটা ঠাণ্ডা, তেলতেলা এবং সব মিলিয়ে যথেষ্ট বাজে খেতে ।"
মানুষকে তার চরিত্রের ভিত্তিতে বিচার করা যায়ে ।,মানুষকে চেহারার ভিত্তিতে বিচার করা যায়ে না ।,মানুষকে চেহারার ভিত্তিতে বিচার করা যায়ে তারা ।
বিয়ারটা ভালো এবং ঠাণ্ডা ছিল ।,বিয়ারটা খারাপ এবং গরম ছিল ।,বিয়ারটা খারাপ এবং ছুরিত ।
"একটি ভালো স্টেক, শ্রিম্প এবং একটি এনচিলাডা ।","একটি শক্ত স্টেক, ছোট শ্রিম্প এবং একটি মোটামোটি স্বাদেরএনচিলাডা ।","কেটি শক্ত স্টেক, ছোট শ্রিম্প এবং একটি মোটামোটি স্বাদেরএনচিলাডা ।"
সোনোরার লোকেরা আমার সাথে খুব ভালো ব্যাবহার করেছে ।,সোনোরার লোকেরা আমার সাথে খুব খারাপ ব্যাবহার করেছে ।,সোনোরার লোকেরা আমার সাথে খুব খারাপ ব্যাবহার করেছে ।
খুশি মনে স্যুটটা উপযুক্ত করার জন্য নিয়ে যাওয়া হয়েছিল এবং তাতে একটি নতুন বোতামলাগান হয়েছিল ।,রাগে আমার স্যুটটা উপযুক্ত করার জন্য নিয়ে যাওয়া হয়েছিল এবং তাতে একটি নতুন বোতামলাগান হয়েছিল ।,রাগে আমার স্যুটটা উপযুক্ত করার জন্য নিয়ে যাওয়া হয়েছিল এবং তাতে একটি নতুন বোতামলাগান হয়েছিল ।
"দুর্দান্ত পরিষেবা, শত প্রশংসা করলেও কম হয় ।","খুব, খুব, খুব বাজে পরিষেবা !",খুব বাজে পরিষেবা!
আমার প্লেটে ভর্তি খাবার ছিল ।,আমার প্লেট অর্ধেক খালি ছিল ছোট পাত্রের কোল স্ল ছাড়া ।,প্লেট অর্ধেক খালি ছিল ছোট পাত্রের কোল স্ল ছাড়া ।
খেলা দেখার জন্য দুর্দান্ত একটা জায়গা !,খেলা দেখার জন্য খুব বাজে একটা জায়গা !,খেলা দেখার জন্য খুব ভালো বাজে একটা জায়গা!
এখানকার হ্যাপি আওয়াড়ের ভিড়টা কিছু উপলক্ষে বেশ মজাদারহয় ।,এখানকার হ্যাপি আওড়ের ভিড়টা কখনো মজাদার হয় না ।,এখানকার হ্যাপি আওড়ের ভিড়টা কখনো মজাদার হয় একাউন্ত্রীভিড় ।
আমার খুব পছন্দ হয়েছে এবং আমি অবশ্যই এখানে আবার ফেরত আসব ।,"খুব খারাপ অভিজ্ঞতা, আমি এখানে আর কোনদিন ফেরত আসবনা।","খুব খারাপ অভিজ্ঞতা, আমি এখানে আর কোনদিন ফেরত আসবানা।"
আমি ওয়াক ইনে করেছিলাম এবং সঙ্গে সঙ্গে সাহায্য পেয়েছিলাম।,আমি ওয়াক ইনে করেছিলাম এবং আমার পরিষেবন পেতে অনেকসময় লেগে গেছিল ।,আমি ওয়াক ইনে করেছিলাম এবং আমার পরিষেবন পেতে অনেকসময় লেগে গেছিল ।
ডিপিং সসটি সুন্দরভাবে মিষ্টি ছিল ।,ডিপিং সসটা খুব বেশিই মিষ্টি ছিল ।,দিপিং সসটা খুব খুব বেশিই মিষ্টি ছিল ।
শুরু থেকে শেষ পর্যন্ত আমার প্রতিবার এখানকার অভিজ্ঞতা দুর্দান্ত হয়েছে ।,শুরু থেকে শেষ পর্যন্ত আমার প্রতিবার এখানকার অভিজ্ঞতা খুবখারাপ হয়েছে ।,শুরু থেকে শেষ পর্যন্ত আমার প্রতিবার এখানকার অভিজ্ঞতা আমার ভাষা পরিবর্তন করা হয়েছে ।
"অসাধারণ খাদ্য সুপারিশ পেয়েছিলাম, স্টেক এবং টুনা দুটোই দুর্দান্ত ছিল ।","কোন খাদ্য সুপারিশ পাইনি, স্টেক এবং টুনা এমন কিছু ভালো ছিল না।","কোন খাদ্য সুপারিশ পাইনি, স্টেক এবং টুনা এমন কিছু ভালো ছিল না।"
আমরা অবশ্যই ফিরে আসব ।,আমরা অবশ্যই ফিরব না ।,আমরা অবশ্যই ফির বোঝ না ।
এটা শহরের সবথেকে ভালো সীফুডের জায়গা ।,এটা শহরের সবথেকে খারাপ সীফুডের জায়গা ।,এটা শহরের সবথেকে খারাপ সীফুডের জায়গা ।
পরিষেবাটা সবসময়ই অসাধারণ থাকে ।,পরিষেবাটা সবসময় হতাশাজনক থাকে ।,পরিষেবাটা সবসময় আমার ভাষা থাকে ।
ডেলিতে কাজ করা মহিলাটা দুর্দান্ত ছিলেন ।,যেই মহিলাটা ডেলিতে কাজ করেন তিনি অসম্ভব খারাপ ।,যেই মহিলাটা ডেলিতে কাজ করেন তিনি অন্য খারাপ ।
"দুর্দান্ত খাবার, কম দাম এবং খাঁটি মেক্সিকান ক্যান্টিনার ভাব ।","ভয়ঙ্কর খাবার, খারাপ দাম এবং খাঁটি মেক্সিকান ক্যান্টিনার অভাব ।","ভয়ঙ্কর খাবার, খারাপ দাম এবং খাঁটি মেক্সিকান ক্যান্টিনার অভাব ।"
আমি হয়তো বারে পৌঁছে যাব এবং রেস্তরাঁতেও ।,আমি হয়তো বারে পৌঁছে যাব তবে রেস্তরাঁয়ে আর যাব না ।,আমি হয়তো বারে পৌঁছে যাব তবে রেস্তরাঁয়ে আর যাব না ।
আমার ইতালিয়ান খুব পছন্দ এবং আমি এখানে মাঝে মধ্যেইআসি ।,আমার ইতালিয়ান একদম পছন্দ নয়  এবং আমি এখানে খুব একটাআসিনা ।,আমার ইতালিয়ান একদম আরো পছন্দ নয়  এবং আমি এখানে খুব একটা আসিনা ।
নিজের দিনটায়ে আরাম এবং উপভোগ করার জন্য বেশ মজাদারএবং সস্তার একটা জায়গা ।,প্রাণহীন এবং খুব দামি একটা জায়গা নিজের দিন নষ্ট করার জন্য ।,প্রাণহীন এবং খুব দামি একটা জায়গা নিজের দিন নষ্ট করার জন্য ।
এটি উপত্যকার সবথেকে খাঁটি থাই ছিল ।,এটি উপত্যকার সবথেকে কম খাঁটি থাই ছিল ।,এটি উপত্যকার সবথেকে আর কম খাঁটি থাই ছিল ।
প্রতিটা এন্ট্রি নিখুঁতভাবে ফিরেছে ।,অসম্ভব ঠাণ্ডার জন্য একজন এন্ট্রিকে ফেরত পাঠাতে হয়েছিল ।,অসম্ভব ঠাণ্ডার জন্য একজন এন্ট্রিকে ফেরত পাঠাতে হয়েছিল ।
বারের দুর্দান্ত পরিষেবা যে আমরা পুরো সময়টা এখানেই থেকে গেছিলাম ।,আমরা যেই পাশের বারে রিজার্ভেশন করেছিলাম সেখান খুব খারাপ পরিষেবা ছিল ।,আমরা যেই পাশের বারে রিজার্ভেশন করেছিলাম সেখান খুব খারাপ পরিষেবা ছিল ।
"সোজা কথা, সুশির জন্য এটা সবথেকে উন্নতম জায়গা ।","সোজা কথা, সুশির জন্য এর থেকে অনেক উন্নত জায়গা রয়েছে ।","সোজা কথা, সুশির জন্য এর থেকে অনেক উন্নত জায়গা রয়েছে ।"
তাদের মধ্যাহ্নভোজ স্পেশাল দুর্দান্ত মূল্যের ।,তাদের  মধ্যাহ্নভোজ স্পেশাল অন্যায্য মূল্যের ।,তাদের মধ্যাহ্নভোজ স্পেশাল অন্যায় মূল্যের ।
একটি প্রেমময়ই নৈশভোজের জন্য এটা খুব ভালো একটা জায়গা।,একটি প্রেমময়ই নৈশভোজের জন্য একটা ভয়ঙ্কর জায়গা ।,একটি প্রেমময়ই নৈশভোজের জন্য একটা ভয়ঙ্কর জায়গা ।
"ফ্যালাফেলটা চমৎকার খেতে ছিল, এবং তার অতুলনীয় স্বাদ ও গন্ধ ছিল ।","ফ্যালাফেলটা, চিকেন নাগেটের মতো  দেখতে লাগছিল, এবং স্বাদের প্রচণ্ডরকমের অভাব ছিল।","ফ্যালাফেলটা, চিকেন নাগেটের মতো দেখতে লাগছিল, এবং স্বাদের প্রচণ্ডরকমের অভাব ছিল।"
এই জায়গায়ে কোন বিচ্ছু ছিল না ।,"তাদের আসার পর থেকে, আমাদের দেখা সব কটা বিচ্ছু মারা গেছে ।","তাদের আসার পর থেকে, আমাদের দেখা সব কটা বিচ্ছু মারা গেছে ।"
তা মূলত একদমই জলজলা লাগেনি ।,তা মূলত জলজলা লেগেছে ।,তা মূলত জলজলা লেগেছে ।
এখানে প্রাতঃরাশের জন্য এসেছিলাম এবং সেটা আমার সবথেকেভালো সিদ্ধান্ত ছিল ।,এখানে প্রাতঃরাশের জন্য এসেছিলাম এবং সেটা আমার সবথেকেখারাপ সিদ্ধান্ত ছিল ।,এখানে প্রাতঃরাশের জন্য এসেছিলাম এবং সেটা আমার সবথেকেখারাপ সিদ্ধান্ত ছিল ।
অধীর আগ্রহে আমি বসে আমার ফরমাশের জন্য অপেক্ষা করতে লাগলাম ।,আমি বসে আমার ফরমাশের জন্য অপেক্ষা করতে লাগলাম ।,আমি বসে আমার ফরমাশের জন্য অপেক্ষা করতে লাগলাম.
"আমার  নুডুলসটা খুব ভালো ছিল, এবং বাটিটায়ে রাখতে পারলে সব ধরে ।","পালাক্রমে, নুডুলস মেঝেতে পরে যাওয়ায়ে আমার পা পুড়ে গেল ।","পালাক্রমে, নুডুলস মেঝেতে পরে যাওয়ায়ে আমার পা পুড়ে গেল ।"
এই জায়গাটা অসম্ভব ভালো ।,এই জায়গাটা ভয়ঙ্কর ।,এই জায়গাটা ভয়ঙ্কর ।
এটি মেট্রো এলাকার সবথেকে ভালো সুতোর দোকান ।,এটি মেট্রো এলাকার সবথেকে খারাপ সুতোর দোকান ।,এটি মেট্রো এলাকার সবথেকে খারাপ সুতোর দোকান ।
"অসম্ভব ভালো, এই জায়গা থেকে ফরমাশ করো ।","ভয়ঙ্কর, এই জায়গা থেকে ফরমাশ করবেন না ।","ভয়ঙ্কর, এই জায়গা থেকে ফরমাশ করবেন না ।"
কার্নে আসাদা বুরিটোটা দুর্দান্ত খেতে ।,কার্নে আসাদা বুরিটোটা জঘন্য খেতে ।,কার্নে আসাদা বুরিটোটা জঘন্য খেতে ।
"ভাগ্যক্রমে, একটা আমার কুকুরের জন্য, আর একটা আমার স্ত্রীর কুকুরের জন্য ।","দুক্ষজনকভাবে, একটা আমার কুকুরের জন্য, আর একটা আমার স্ত্রীর কুকুরের জন্য ।","দুক্ষজনকভাবে, একটা আমার কুকুরের জন্য, একটা আমার স্ত্রীর কুকুরের জন্য ।"
একেবারে পূর্ব উপত্যকার সেরা ডেন্টিস্ট অফিস ।,একেবারে পূর্ব উপত্যকার সবথেকে খারাপ ডেন্টিস্ট অফিস ।,একেবারে পূর্ব উপত্যকার সবথেকে খারাপ ডেন্টিস্ট অফিস ।
খাবারটা ভালো ছিল এবং পরিষেবাটা আমার দেখা সবথেকে ভালোর মধ্যে একটি ।,"খাবারটা ঠিক ছিল, তবে পরিবেশটা আমার দেখা সবথেকে খারাপের মধ্যে একটি ।","খাবারটা ঠিক ছিল, তবে পরিবেশটা আমার দেখা সবথেকে খারাপের মধ্যে একটি ।"
মাসে অন্তত একবার ঠিকঠাক দামে দুর্দান্ত খাবার চাখা ।,মাসে অন্তত একবার খারাপ দামে খারাপ খাবার চাখা ।,মাসে অন্তত একবার খারাপ দামে খারাপ খাবার চাখা ।
এই পিজ্জাটা টপিং ছাড়াই দুর্দান্ত খেতে জেন মশলায়ে ঠাসা ।,এই পিজ্জাটা টপিং ছাড়াই দেওয়া হয় এবং এতে কোন স্বাদ ছিল না ।,এই পিজ্জাটা টপিং ছাড়াই দেওয়া হয় এবং এতে কোন স্বাদ ছিল না ।
তবে এই দুর্দান্ত গল্পটা আজ দুপুরে শুরু হোক ।,তবে এই দুঃখের গল্পটা আজ দুপুরে শুরু হোক ।,তবে এই দুখের গল্পটা আজ দুপুরে শুরু হোক ।
খুব মজা হয়েছে এবং রেস্তরাঁর খাবারটা অসাধারণ ছিল ।,খুব খারাপ সময় কেটেছিল এবং রেস্তরাঁর খাবারটা জঘন্য ছিল ।,খুব খারাপ সময় কেটেছিল এবং রেস্তরাঁর খাবারটা জঘন্য ছিল
মালিক এবং দলের অন্যান্য সদস্যদের সঙ্গে সবসময় একটা দুর্দান্ত অভিজ্ঞতা হয় ।,মালিক এবং দলের অন্যান্য সদস্যদের সঙ্গে সবসময় একটা খারাপ অভিজ্ঞতা হয় ।,মালিক এবং দলের অন্যান্য সদস্যদের সঙ্গে সবসময় একটা খারাপ অভিজ্ঞতা হয় ।
এএসুইউর কাছাকাছি রেস্তরাঁগুলো অনুভব করার জন্য আমি উন্মুখ ছিলাম ।,এএসুইউর কাছাকাছি রেস্তরাঁগুলোর সাথে চুক্তি করতে ইচ্ছে করেনি ।,এএসুইউর কাছাকাছি রেস্তরাঁগুলোর সাথে চুক্তি করতে ইচ্ছে করেনি ।
সবমিলিয়ে : একটি ভাল স্থানীয় ক্যামেরা জায়গার ব্যবসা এবং সুপারিশ অর্জন করলাম ।,সবমিলিয়ে : একটি ভাল স্থানীয় ক্যামেরা জায়গার ব্যবসা এবং সুপারিশ হারালাম ।,সবমিলিয়ে : একটি ভাল স্থানীয় ক্যামেরা জায়গার ব্যবসা এবং সুপারিশ হারালাম ।
তারা ভালো ডেলি খাবার কাকে বলে তা মনে রেখেছে ।,তারা ভালো ডেলি খাবার কাকে বলে তা ভুলে গেছে ।,তারা ভালো ডেলি খাবার কাকে বলে তা ভুলে গেছে ।
এটি একটি গল্ফ কোর্স যেটা দুর্দান্ত অবস্থায়ে সরিয়ে রাখা হয়েছে ।,এটি একটি গল্ফ কোর্স যেটা ভাগ্যবশত খুব খারাপ অবস্থা হওয়ায়েওসরিয়ে রাখা হয়েছে ।,এটি একটি গল্ফ কোর্স যেটা ভাগ্যবশত খুব খারাপ অবস্থা হওয়ায়েওসরিয়ে রাখা হয়েছে ।
অনুমান করি দুর্দান্ত রেস্তরাঁদের কোনদিন খারাপ দিন হয় না ।,আমি অনুমান করি যে এমনকি দুর্দান্ত রেস্তরাঁদের ও খারাপ দিন হয় ।,আমি অনুমান করি যে এমনকি দুর্দান্ত রেস্তরাঁদের ও খারাপ দিন হয় ।
তিনি পেশাদার এবং বিনয়ী উভয়ই ছিলেন ।,তিনি অপেশাদার এবং অসভ্য উভয়ই ছিলেন ।,তিনি অপেশাদার এবং অসভ্য উভয়ই ছিলেন ।
এটা আমার এখন অবধির সবথেকে পছন্দের পিজ্জা ।,এটা আমার এখন অবধি খাওয়া সবথেকে খারাপ পিজ্জা ।,এটা আমার এখন অবধি খাওয়া সবথেকে খারাপ পিজ্জা ।
বয়স এবং জাতির বিস্তৃত বর্ণালী ।,বয়স এবং বর্ণের সংকীর্ণ বর্ণালী ।,বয়স এবং বর্ণের সংকীর্ণ বর্ণালী ।
আপনি যদি এরম জিনিস পছন্দ করেন তবে একটু দাড়িয়েভেতরটা দেখে আসবেন ।,আপনি যদি এরম জিনিস পছন্দও করেন তাও এখানে যাওয়াটাবেকার হবে ।,আপনি যদি এরম জিনিস পছন্দ এখানে যাওয়া হবে ।
তাদের পাথর চরাই খুব পছন্দ ।,তাদের পাথর চরাই একদম পছন্দ নয়  ।,তাদের পাথর চরাই একদম পছন্দ নাই.
"তারা খুব মিশুকে, খুব সহায়ক এবং চমৎকার দ্রুত !",তারা একদম মিশুকে বা সহায়ক নয় এবং চমৎকার ধীর !,তারা একদম মিশুকে বা সহায়ক এবং চমৎকার ধীর!
আমি খুব বিচলিত বোধ করছিলাম এবং সে আমাকেআরামদায়ক স্বাগাত জানিয়েছিল ।,আমি খুব বিচলিত ছিলাম এবং সে আমায়ে উদ্বিগ্ন এবং অভিভূতবোধ করিয়েছিল ।,আমি খুব বিচলিত ছিলাম এবং সে আমায়ে উদ্বিগ্ন এবং অভিভূতবোধ করিয়েছিল ।
এই জায়গাটা আমায়ে বাড়ির কথা মনে করায়ে ।,এই জায়গাটা আমায়ে একদমই বাড়ির কথা মনে করায়ে না ।,এই জায়গাটা আমায়ে একদমই বাড়ির কথা মনে করায় আর ।
সুন্দর প্রসাধন এবং সাথে দুর্দান্ত পরিষেবা ।,জঘন্য প্রসাধন এবং খারাপ পরিষেবা ।,জঘন্য প্রসাধন এবং খারাপ পরিষেবা ।
এটা সহজেই আমার সব থেকে ভালো গ্রিক খাবার খাওয়ার মধ্যে একটা ।,এটা সহজেই আমার সব থেকে খারাপ গ্রিক খাবার খাওয়ার মধ্যে একটা ।,এটা সহজেই আমার সব থেকে খারাপ গ্রিক খাবার খাওয়ার মধ্যে একটা ।
"দ্রুত, মিশুকে এবং সৎ পরিষেবা ।","ধীর, বন্ধুত্বহীন, এবং অসৎ পরিষেবা ।","ধীর, বন্ধুত্বহীন, এবং অসৎ পরিষেবা ।"
সুপটা খেতে দুর্দান্ত ।,সুপটা খেলে মরে যেতে ইচ্ছে করবে ।,সুপটা খেলে মরে যেতে ইচ্ছে সেখানে করবে ।
স্কটসডেলে আমার সাম্প্রতিক ট্রিপে সবথেকে ভালো প্রাতঃরাশছিল ।,স্কটসডেলে আমার সাম্প্রতিক ট্রিপে সবথেকে খারাপ প্রাতঃরাশ ছিল ।,স্কটসডেলে আমার সাম্প্রতিক ট্রিপে সবথেকে খারাপ প্রাতঃরাশ ছিল ।
আমার গ্রুপোন অনেক জানলার জন্য আছে ।,আমার গ্রুপোন শুধুমাত্র দুটি জানলার জন্য আছে ।,আমার গ্রুপোন শুধুমাত্র দুটি জানলার জন্য আছে.
জায়গাটা খুব ব্যাস্ত তবে পরিষেবাটা দুর্দান্ত ছিল ।,জায়গাটা খুব ব্যাস্ত ছিল না তবে পরিষেবাটা খুব হতাশাজনক ছিল ।,জায়গাটা খুব ব্যাস্ত ছিল তবে পরিষেবাটা খুব হতাশাজনক ছিল ।
"এটা একটা ভালো জায়গা, এখানে দেখার বা করার মতো অনেক কিছু আছে ।","এটা একটা ভালো জায়গা নয় , এখানে দেখার বা কিছু করার মতো  নেই ।","এটা একটা ভালো জায়গা নয়, এখানে দেখার বা কিছু করার মতো  নেই ।"
"এটা গরম, নিখুঁতভাবে রান্না করা এবং সুস্বাদু !","এটা ঠাণ্ডা, জঘন্যভাবে রান্না করা এবং অসুস্বাদু ।","এটা ঠাণ্ডা, জঘন্যভাবে রান্না করা এবং অসুস্বাদু ।"
"খুব ভাল ব্রাঞ্চ ছিল, বাছাই এবং শ্রেষ্ঠত্বের দিক দিয়ে মুগ্ধ করা ।","খুব খারাপ ব্রাঞ্চ ছিল, বিকল্প এবং শ্রেষ্ঠত্বের দিক দিয়ে একদমই মুগ্ধ নই ।","খুব খারাপ ব্রাঞ্চ ছিল, বিকল্প এবং শ্রেষ্ঠত্বের দিক দিয়ে একদমই মুগ্ধ নেই."
আমি এই জায়গার একজন নিয়মিত ড্রাইভ-থ্রু গ্রাহক ।,আমাকে এই জায়গার নিয়মিত ড্রাইভ-থ্রু গ্রাহক হতে বাধ্য করা হয়েছে।,আমাকে এই জায়গার নিয়মিত ড্রাইভ-থ্রু গ্রাহক হতে বাধ্য করা হয়েছে.
সে একটা দুর্দান্ত রঙ বেছেছিল যেটা আমার গায়ের রঙেরসাথে অসাধারণ লাগছিল ।,সে একটা খুব খারাপ রঙ বেছেছিল যেটা আমার গায়ের রঙের সাথেভয়ঙ্কর লাগছিল ।,সে একটা খুব খারাপ রঙ বেছেছিল যেটা আমার গাড়ের রঙের সাথেভয়ঙ্কর লাগছিল ।
আমার বাবা এই বড়দিনে আমার মায়ের বিয়ের আংটি আপগ্রেডকরার সিদ্ধান্ত নিয়েছে ।,আমার বাবা এই বড়দিনে আমার মায়ের বিয়ের আংটি আপগ্রেড নাকরার সিদ্ধান্ত নিয়েছে ।,আমার বাবা এই বড়দিনে আমার মায়ের বিয়ের আংটি আপগ্রেড নাকরার সিদ্ধান্ত নিয়েছে ।
এটা এত ভালো যে আমি নিশ্চিত এর থেকে ভালো রান্না করতে পারতাম না ।,তবে আমি নিশ্চিত এটা আমি রান্না করতে পারতাম ।,তবে আমি নিশ্চিত এটা আমি রান্না করতে পারতাম ।
"আমাকে একটি বার্তা ছাড়তে বলেছিল, এবং শিগগিরি আমাকে ফোন করেছিল ।","আমাকে একটি বার্তা ছাড়তে বলেছিল, এবং তারা আমাকে আর কখনই ফোন করেনি ।","আমাকে একটি বার্তা ছাড়তে বলেছিল, এবং তারা আমাকে আর ফোন করেনি ।"
র‍্যাস একটা যোগ্যতাসম্পন্ন প্রযুক্তিবিদ ছিল ।,র‍্যাস একটা অযোগ্যতাসম্পন্ন প্রযুক্তিবিদ ছিল ।,র‍্যাস একটা অযোগ্যতাসম্পন্ন প্রযুক্তিবিদ ছিল ।
দুর্দান্ত খাবার এবং পরিষেবাও খুব ভালো ছিল ।,খাবার বা পরিষেবা কোনটাই দুর্দান্ত ছিল না ।,খাবার বা পরিষেবা কোনটাই দুর্দান্ত ছিল না ।
উম... আমরা শুধু তাঁকে বলে দিয়েছিলাম যে আমরা এই মুহূর্তে অবশ্যই অর্থায়ন করতে চাই।,উম... আমরা শুধু তাঁকে বলে দিয়েছিলাম যে আমরা এই মুহূর্তে অর্থায়ন করতে চাই না ।,উম... আমরা শুধু তাঁকে বলে দিয়েছিলাম যে আমরা এই মুহূর্তে অর্থায়ন করতে চাই না ।
সত্যি আমার এখানে আরো কেনাকাটি করা উচিত ছিল ।,সত্যি আমার এখানে কখনো কেনাকাটি করা উচিত হয়েনি ।,সত্যি আমার এখানে কখনো কেনাকাটি করা উচিত হয়েনি ।
এই জায়গাটা নিয়ে সব কিছুই বিশেষ ছিল ।,এই জায়গার ব্যাপারে খুব একটা বিশেষ কিছুই নেই ।,এই জায়গার ব্যাপারে খুব একটা ভালো কিছুই নেই ।
ওখানে আগে অনেকবার এখানে খেয়েছি তবে এতো ভালো কখনো ছিল না ।,আমরা এখানে আগে অনেকবারই খেয়েছি তবে কালকের মতো  খারাপ কোনবার ছিল না ।,আমরা এখানে আগে অনেকবারই খেয়েছি তবে কালকের মতো  খারাপ কোনবার ছিল না ।
পরিষেবা দুর্দান্ত ছিল এবং আনন্দসহকারে আমি আবার সেখানে ফিরে যাব ।,পরিষেবা খুব খারাপ ছিল এবং সেখানে আমি আর ফিরেব না ।,পরিষেবা খুব খারাপ ছিল এবং সেখানে আমি আর ফিরেব চাই ।
স্টারবাকসের পরিষেবা প্রতিটা জায়গায় খুব ভালো ।,"আমার মনে হয়ে, স্টারবাক্সের গ্রাহক পরিষেবা শুধুমাত্র কিছু কিছু জায়গায় ভালো ।","আমার মনে হয়ে, স্টারবাক্সের গ্রাহক পরিষেবা শুধুমাত্র কিছু কিছু জায়গায় ভালো ।"
এই জায়গাটা বেশ উত্তেজনাপূর্ণ এবং মজাদার ছিল ।,এই জায়গাটা উত্তেজনাপূর্ণ বা মজাদার কোনটাই ছিল না ।,এই জায়গাটা উত্তেজনাপূর্ণ বা মজাদার কোনটাই ছিল না ।
এখানকার খাবার দুর্দান্ত এবং খাঁটি ।,এখানকার খাবার খারাপ এবং একদমই খাঁটি নয়  ।,এখানকার খাবার খারাপ এবং একদমই খাঁটি নাই ।
ওর রসিকতা করার অভ্যেসটা রুটিন ভিজিটটা বেশ মজাদারকরে তোলে ।,ওর রসিকতা করার অভ্যেসটা রুটিন ভিজিটটা বেশ বিরক্তিকর করেতোলে ।,ওর রসিকতা করার অভ্যেসটা রুটিন ভিজিটটা বেশ বিরক্তিকর করেতোলে
"সুতরাং, আমি কার্ডের জন্য অর্থপ্রদান করতে রাজি ।",সুতরাং আমি কার্ডটি ফেরত দিতে চেয়েছিলাম ।,সুতরাং আমি কার্ডটি ফেরত দিতে চেয়েছিলাম ।
যদি তুমি অনেক  ভ্রমণ করো তাহলে এই হোটেলে থেকো ।,যদি তুমি অনেক  ভ্রমণ করো তাহলে এই হোটেলে থেকো না ।,যদি তুমি অনেক ভ্রমণ করি তাহলে এই হোটেলে থেকো খুব না.
এটা একটা দুর্দান্ত জায়গা তাজা এবং সুস্বাদু ডোনাটের জন্য।,এটা তাজা এবং সুস্বাদু ডোনাটের জন্য দুর্দান্ত জায়গা নয়  ।,এটা তাজা এবং সুস্বাদু ডোনাটের জন্য দুর্দান্ত জায়গা নয় ।
ক্র্যাব কেকটা নোনতা এবং সুস্বাদু খেতে ছিল ।,ক্র্যাব কেকটা প্রচণ্ড নোনতা ছিল এবং তাতে আর কোন স্বাদ ছিল না ।,ক্র্যাব কেকটা প্রচণ্ড নোনতা ছিল এবং তাতে আর কোন স্বাদ ছিল না ।
তুমি একটা সত্যবাদী !,তুমি একটা মিথ্যেবাদী !,তুমি একটা মিথ্যেবাদী!
ব্লু চিজ ড্রেসিং মোটামটির থেকে ভালো ছিল ।,ব্লু চিজ ড্রেসিং কোন ভাবেই শ্রেষ্ঠ ছিল না ।,ব্লু চিজ ড্রেসিং কোন ভাবেই শ্রেষ্ঠ ছিল না ।
পরিবারের সামান্য একটা রেস্তরাঁ আছে যেখানে চমৎকার খাবার পাওয়া যায়ে ।,পরিবারের সামান্য একটা রেস্তরাঁ আছে যেটায়ে খুব খারাপ খাবারপাওয়া যায়ে ।,পরিবারের সামান্য একটা রেস্তরাঁ আছে যেটায়ে খুব খারাপ খাবারপাওয়া যায়ে ।
আমার এর থেকে ভালো অভিজ্ঞতা আগে কোনদিন হয়েনি ।,আমার এর চেয়ে খারাপ অভিজ্ঞতা আগে কোনদিন হয়েনি ।,আমার এর চেয়ে খারাপ অভিজ্ঞতা আগে কোনদিন হয়েনি ।
সামগ্রিক দাম ফ্রাইসের সাথে সমান ।,সামগ্রিক দাম কোনভাবেই ফ্রাইসের সাথে প্রতিযোগিতামূলক নয়  ।,সামগ্রিক দাম কোনভাবেই ফ্রাইসের সাথে প্রতিযোগিতামূলক নয়  ।
বেশ অনেক চেষ্টার পর ওরা এইবার মশলার সঠিক প্রয়োগ করল ।,এই নিয়ে তৃতীয়বার ওরা এই মশলা গুলিয়ে ফেলল ।,এই নিয়ে তৃতীয়বার ওরা এই মশলা গুলিয়ে ফেললেই.
আমি যাদেরকে ওদের কাছে পাঠিয়েছি তাদের কারুর ভালো ছাড়া আর কোন অভিজ্ঞতা হয়েনি ।,আমি যাদেরকে ওদের কাছে পাঠিয়েছি তাদের কারুর খারাপ ছাড়া আর কোন অভিজ্ঞতা হয়েনি ।,আমি যাদেরকে ওদের কাছে পাঠিয়েছি তাদের কারুর খারাপ ছাড়া আর কোন অভিজ্ঞতা হয়েনি ।
রন তাও সর্বশ্রেষ্ঠ ।,রন সবথেকে খারাপ ।,রন সবথেকে খারাপ ।
ফিরে যেতে তারা আমায়ে দ্রুত ভরতে সাহায্য করেছিল ।,পিছনের চাকা সিল এবং ভরতে গেছিলাম ।,পিছনের চাকা সিল এবং ভরতে গেছিলাম.
প্যাড থাইটি আমার চেখে দেখা সবথেকে সুস্বাদু প্যাড থাই ছিল  ।,আমার প্যাড থাইটা বারবিকিউ সস সহ থাই রাইস নুডলসের মতো  খেতে লেগেছিল ।,প্যাড থাইটা বারবিকিউ সস সহ থাই রাইস নুডলসের মতো  খেতে লেগেছিল ।
"ওটা ছাড়া, এখানকার খাবার দুর্দান্ত ছিল ।",ওটা ছাড়া বাকি খাবার বেশ খারাপ ছিল ।,ওটা ছাড়া বাকি খাবার বেশ খারাপ ছিল ।
এই মহিলার এতো দুর্দান্ত মনোভাব যে তার বিশেষ করে পরিষেবা  শিল্পেই থাকা উচিত ।,এই মহিলার এরকম মনোভাব নিয়ে পরিষেবা শিল্পে  একদম থাকা উচিত না ।,এই মহিলার এরকম মনোভাব নিয়ে পরিষেবা শিল্পে  একদম থাকা উচিত না ।
"যদিও তালিকাটা খুব সাধারণ, তবে ওরা যেটা প্রদান করে সেটাসত্যিই অতুলনীয় ।","যদিও তালিকাটা খুব লম্বা, তবে ওরা যেটা প্রদান করে সেটা সত্যিইনিম্ন ।","যদিও তালিকাটা খুব লম্বা, তবে ওরা যেটা প্রদান করে সেটা সত্যিইনিম্ন ।"
পরিষেবাটা চমৎকার এবং কর্মীরা খুব মিশুকে ছিল ।,পরিষেবাটা খুব একটা ভালো ছিল না এবং কর্মীরাও একদম মিশুকেছিল না ।,পরিষেবাটা খুব একটা ভালো ছিল না এবং কর্মীরাও একদম মিশুকেছিল না.
"দুর্দান্ত খাবার, দুর্দান্ত সজ্জা !","খারাপ খাবার, পুরনো সজ্জা !",কিন্তু সজ্জা পুরনো খাবার!
তাদের খাবার এবং তাদের আবেগ আমার খুব পছন্দ ।,তাদের খাবার এবং তাদের নিষ্ঠুরতা আমার খুব অপছন্দ ।,তাদের খাবার এবং তাদের নিষ্ঠুরতা আমার খুব অপছন্দ ।
ওখান থেকে চলে গেল এবং বিলে যোগ করে দিল ।,ওখান থেকে চলে গেল এবং বিল থেকে সরিয়ে দিল ।,ওখান থেকে চলে গেল এবং বিল থেকে সরিয়ে দিল ।
বাথরুমটা খুব পরিষ্কার ছিল ।,বাথরুমটা নোংরা ছিল ।,বাথরুমটা ছিল নোংরা ।
এই জায়গায়ে পরিষেবাটা দুর্দান্ত ।,এই জায়গায়র পরিষেবা ভয়ঙ্কর ।,এই জায়গায়র পরিষেবা ভয়ঙ্কর ।
আমি ভেবেছিলাম এটা ন্যায্য দামের ।,"আমি খারাপ হতে, বা পরিবর্তিত হতে পছন্দ করি না ।","আমি খারাপ হতে, বা পরিবর্তিত হতে পছন্দ করি না ।"
"যাইহোক, টেক আমাকে এই ব্যাপারে সবকিছু বুঝিয়ে দিয়েছেন ।","যাইহোক, টেক আমাকে এই ব্যাপারে কিছুই বলেনি ।",এই ব্যাপারে কিছুই বলেনি ।
"আমি বাজি ধরে বলতে পারি এটা ভালো জিনিস, খারাপ জিনিস নয়  ।",বুঝতে পারছিনা এটা ভালো জিনস না খারাপ জিনিস ?,বুঝতে পারছিনা এটা ভালো জিনস না খারাপ জিনিস?
"তারা পেশাদার, পুঙ্খানুপুঙ্খ এবং আমাদের প্রয়োজনের প্রতি খুবইমনযোগী ।","তারা অপেশাদার, তাড়াহুড়ো চরিত্রের এবং আমাদের প্রয়োজনেরপ্রতি অবহেলিত ।","তারা অপেশাদার, তাড়াহুড়ো চরিত্রের এবং আমাদের প্রয়োজনেরপ্রতি অবহেলিত ।"
সুগার বোলের পরিবেশটা খুবই মজাদার ।,সুগার বোলের পরিবেশটা একদম নেতিবাচক ।,সুগার বোলের পরিবেশ একদম নেতিবাচক ।
এই জায়গাটা সবথেকে গোছানো ।,তাদের কাছে আপনাকে দ্রুত পেতে চাওয়ার কোন কারণ ছিল না ।,তাদের কাছে আপনাকে দ্রুত পেতে চাওয়ার কোন কারণ ছিল না ।
বলা বাহুল্য আমি মেক্সিকান খাবারের জন্য আবার ফিরে আসব ।,বলা বাহুল্য আমি মেক্সিকান খাবারের জন্য আর ফিরে আসব না ।,বলা বাহুল্য আমি মেক্সিকান খাবারের জন্য আর ফিরে আসব না ।
"মা বলল ফ্রেঞ্চ টোস্টের প্লেটটা ভালো ছিল, এবং ডিমগুলোও গরম ছিল ।","মা বলল ফ্রেঞ্চ টোস্টের প্লেটটা ভালো ছিল, তবে ডিমগুলো ঠাণ্ডা হয়ে গেছিল ।","মা বলল ফ্রেঞ্চ টোস্টের প্লেটটা ভালো ছিল, তবে ডিমগুলো ঠাণ্ডা হয়ে গেছিল"
যদি তোমার বহিঃপ্রাঙ্গণ দক্ষিণমুখী হয় তবে তোমার ভাগ্য খুব ভালো ।,যদি তোমার বহিঃপ্রাঙ্গণ দক্ষিণমুখী হয় তবে তোমার ভাগ্য খারাপ ।,যদি তোমার বহিঃপ্রাঙ্গণ দক্ষিণমুখী হয় তবে তোমার ভাগ্য খারাপ ।
আমি একটা খুব বড় এবং সুস্বাদু স্প্যানিশ অমলেট খেয়েছিলাম।,আমি একটা ছোট্ট এবং অসুস্বাদুকর স্প্যানিশ অমলেট খেয়েছিলাম ।,আমি একটা ছোট্ট এবং অসুস্বাদুকর স্প্যানিশ অমলেট খেয়েছিলাম ।
এছাড়াও আমার স্পারক্লিং ওয়াইনের সংকলন খুব সুস্বাদু ছিল ।,এছাড়াও আমার স্পারক্লিং ওয়াইনের সংকলন  খুব অসুস্বাদু ছিল ।,এছাড়াও আমার স্পারক্লিং ওয়াইনের সংকলন  খুব সুস্বাদু ছিল ।
আমরা এই জায়গায় আবার ব্যাবহার করব ।,আমরা এই জায়গায় আর ব্যাবহার করব না ।,আমরা এই জায়গায় আর ব্যাবহার করব চাই ।
গ্রিমালডিস অ্যারিজোনার সবথেকে সামঞ্জস্যপূর্ণ চমৎকার পিজ্জার জায়গা ।,গ্রিমালডিস অ্যারিজোনার সবথেকে সামঞ্জস্যপূর্ণ খারাপ পিজ্জারজায়গা ।,গ্রিমালডিস অ্যারিজোনার সবথেকে সামঞ্জস্যপূর্ণ খারাপ পিজ্জারজায়গা ।
"সবথেকে গুরুত্বপূর্ণ জিনিস, অবশ্যই, খাবার ।","সবথেকে গুরুত্বপূর্ণ জিনিস, অবশ্যই, খাবার হওয়া উচিত ।","সবথেকে গুরুত্বপূর্ণ জিনিস, অবশ্যই, খাবার হওয়া উচিত ।"
এমনকি তাদের সিদ্দ সবজিগুলোও চমৎকার ছিল ।,এমনকি তাদের সিদ্দ সবজিগুলোও জঘন্য ছিল ।,তাদের সিদ্দ সবজিগুলোও জঘন্য হার ।
ফিনিক্স এরিয়ার সবথেকে ভালো মেক্সিকান খাবার ।,ফিনিক্স এরিয়ার সবথেকে খারাপ মেক্সিকান খাবার ।,ফিনিক্স এরিয়ার সবথেকে খারাপ মেক্সিকান খাবার ।
আমি সবাইকে পুরনো স্কটসডেলের শহরের ডেন্টিস্ট্রি সুপারিশ করব ।,আমি সবাইকে পুরনো স্কটসডেলের শহরের ডেন্টিস্ট্রি সুপারিশ করব না।,আমি সবাইকে পুরনো স্কটসডেলের শহরের ডেন্টিস্ট্রি সুপারিশ করব আরো।
বিশ্ববিদ্যালয় অ্যাপাচিতে থাকার মতো অতটা খারাপ নয়  ।,বিশ্ববিদ্যালয়ও অ্যাপাচিতে থাকার মতোই খারাপ ।,বিশ্ববিদ্যালয়ও অ্যাপাচিতে থাকার মতোই খারাপ ।
স্যান্ডউইচ দোকানে যা ঘটেছে তা দুর্দান্ত ।,স্যান্ডউইচ দোকানে যা ঘটেছে তা খুব দুঃখজনক ।,স্যান্ডউইচ দোকানে যা ঘটেছে তা খুব ঢুকতিখনক ।
এই জায়গাটায়ে দুর্দান্ত কিছু খাবার আছে ।,এই জায়গাটায়ে বেশ খারাপ কিছু খাবার আছে ।,এই জায়গাটায়ে বেশ খারাপ কিছু খাবার আছে ।
তবে এটার অবশ্যই অপেক্ষার মূল্য আছে ।,অবশ্যই এটার কোন অপেক্ষার মূল্য নেই ।,অবশ্যই এটার কোন অপেক্ষার মূল্য নেই!
আমি সবে এই কার অয়াশ থেকে বেড়লাম এবং প্রচণ্ড সন্তুষ্ট বোধ করছিলাম !,আমি সবে এই কার অয়াশ থেকে বেড়লাম এবং প্রচণ্ড অসন্তুষ্ট বোধ করছিলাম !,আমি সবে এই কার অয়াশ থেকে বেড়লাম এবং প্রচণ্ট অসন্তুষ্ট বোধ করছিলাম!
"ক্লাবটা বেশ ভালো, গঠনটাও ভালো এবং কোর্সটা গড় আকারেরউপরে ছিল ।","ক্লাবটা এমন কিছু ভালো ছিল না, গঠনটাও ভালো নয়  এবং কোর্সটাগড় আকারের নিচে ছিল ।","ক্লাবটা এমন কিছু ভালো ছিল না, গঠনটাও ভালো নয়  এবং কোর্সটাগড় আকারের নিচে ছিল ।"
আজকাল ধরনটা বেশ ভালো ।,আজকাল ধরনটা খুব একটা ভালো নয়  ।,আজকাল ধরনটা খুব একটা ভালো হয়  ।
ওয়ান্টন রসালো এবং পরিপূর্ণ ছিল ।,ওয়ান্টনে গুরুতরভাবে অপূর্ণতা ছিল ।,ওয়ান্টনে গুরুতরভাবে অপর্ণতা ছিল ।
সসের সাথে তাদের সাধারণ গাইর স্যান্ডউইচটা খেয়েছিলাম ... খুব ভালো ।,সসের সাথে তাদের সাধারণ গাইর স্যান্ডউইচটা খেয়েছিলাম ... খুবখারাপ ।,সসের সাথে তাদের সাধারণ গাইর স্যান্ডউইচটা খেয়েছিলাম... খুবখারাপ ।
এখানে চমৎকার খেলার বিকল্প আছে ।,এখানে ভয়ঙ্কর খেলার বিকল্প রয়েছে ।,এখানে ভয়ঙ্কর খেলার বিকল্প নিয়েছে ।
আমি আমার প্রিয় বন্ধুদের সাথে সময় কাটিয়েছিলাম কিছু দুর্দান্তখাবার এবং ওয়াইনের সাথে ।,আমি আমার প্রিয় বন্ধুদের সাথে সময় কাটাতে চেয়েছিলাম তবে খারাপ খাবার এবং ওয়াইনের দ্বারা অত্যাচারিত হয়েছিলাম ।,আমি আমার প্রিয় বন্ধুদের সাথে সময় কাটাতে চেয়েছিলাম তবে খারাপ খাবার এবং ওয়াইনের দ্বারা অত্যাচারিত হয়েছিলাম ।
ম্যানেজমেন্ট খুব যত্নশীল ।,ম্যানেজমেন্টের কোন যায়ে আসেনা ।,ম্যানেজমেন্টের আসেনা ।
আমি আসলে আবার পরের বছর ফিরে আসার জন্য অপেক্ষাকরতে রাজি !,আমি পরের বছর এখানে আর ফিরব না ।,আমি পরের বছর এখানে আর ফির বিছাই ।
তুমি যদি তরুণ এবং খেলাধোলায়ে আগ্রহী হও তাহলে এইজায়গাটা তোমার জন্য ।,"যতই বয়েস হোক না কেন, এই জায়গাটা পছন্দ হবেনা ।","তাহলে বয়েস হোক না কেন, এই জায়গাটা পছন্দ হবেনা ।"
একটু কোলাহলপূর্ণ জায়গায়ে তবে তাজা খাবারটা সেটা ভুলিয়ে দেয় ।,একটু কোলাহলপূর্ণ জায়গায়ে এবং নষ্ট খাবার সেটাকে আরও খারাপকরে দেয়ে ।,একটু কোলাহলপূর্ণ জায়গায়ে এবং নষ্ট খাবার সেটাকে আরও খারাপকরে দেয়ে ।
স্নানঘরের এলাকা খুব বিশিষ্ট রকমের ছিল ।,স্নানঘরের এলাকা এমন কিছু বিশেষ ছিল না ।,স্নানঘরের এলাকা এমন আর কিছু বিশেষ ছিল না ।
তারা তাদের গ্রাহকদের উপর খুব মনোযোগ দেয় ।,"ওরা তাড়াহুড়ো করে, আর কোন গ্রাহককে লক্ষ্য করে না ।","ওরা তাড়াহুড়ো করে, আর কোন গ্রাহককে লক্ষ্য করে না ।"
"আমি তাদের জানানোর জন্য তাদের ইমেল করেছিলাম, এবং তারা তাড়াতাড়ি উত্তরদিয়েছিলেন ।","আমি তাদের জানানোর জন্য তাদের ইমেল করেছিলাম, তবে তাদের কিছু যায়ে আসেনা ।","আমি তাদের জানানোর জন্য তাদের ইমেল করেছিলাম, তবে তাদের কিছু যায়ে আসেনা ।"
তাদের ছোট ক্যালজোনটা বেশ বড় ।,ছোট ক্যালজোনটা আরো ছোট ।,ছোট ক্যালজোনটা আরো ছোট.
সবমিলিয়ে খুবই ভালো মানের খাবার এবং পরিষেবা ছিল ।,সবমিলিয়ে খাবার এবং পরিষেবার মান খুব একটা ভালো ছিল না ।,সবমিলিয়ে খাবার এবং পরিষেবার মান খুব একটা ভালো ছিল না
দামি তবে চীজ পাইসগুলো সুস্বাদু ছিল ।,দামি এবং চীজ পাইসগুলো অখাদ্য ছিল ।,দামি এবং চীজ পাইসগুলো অখাদ্য ছিল ।
দামটা দুটোই সাশ্রয়ী এবং যুক্তিসঙ্গত ।,দামটা কোনটাই সাশ্রয়ী বা যুক্তিসঙ্গত নয়  ।,দামটা কোনটাই সাশ্রয়ী বা যুক্তিসঙ্গত নিয়  ।
আমরা একটা পরিবার হিসেবে ওখানে যেতে ভালবাসি ।,আমরা একটা পরিবার হিসেবে ওখানে যেতে পছন্দ করিনা ।,আমরা একটা পরিবার হিসেবে ওখানে আপনার প্রণীত করিনা ।
"ভাগ্যবশত, লোকটা ওকে আটকিয়েছিল ।","দুর্ভাগ্যবশত, লোকটা ওকে আটকায়ে নি ।","দুর্ভাগ্যবশত, লোকটা ওকে আটকায়ে নিই."
চাউমিনটা খুব সুস্বাদু এবং খুব সুন্দর টেক্সচারের ছিল ।,চাউমিনটা খুব স্যাঁতসেঁতে এবং অদ্ভুত টেক্সচারের ছিল ।,চাউমিনটা খুব স্যাঁতসেঁতে এবং অদ্ভুত টেক্সচারের ছিল ।
সেফওয়ায় আমার ব্যাবসা অর্জন করেছে ।,"সেফওয়ায় আনুষ্ঠানিকভাবে স্প্রাউট, এবং ফ্রেশ অ্যান্ড ইজির কাছে আমার ব্যাবসা হারিয়েছে ।","সেফওয়ায় আনুষ্ঠানিকভাবে স্প্রাউট, এবং ফ্রেশ অ্যান্ড ইজির কাছে আমার ব্যাবসা হারিয়েছে ।"
আমি অবশ্যই তাদের চেষ্টা করার সুপারিশ দেব ।,আমি অবশ্যই তাদের চেষ্টা করার সুপারিশ দেব না ।,আমি অবশ্যই তাদের চেষ্টা করার সুপারিশ দেব আমার ।
পরিষেবাটি মিশুকে এবং মনোযোগী ছিল ।,পরিষেবাটি জঘন্য এবং বেদনাদায়ক ছিল ।,পরিষেবাটি জঘন্য এবং বেদনাদায়ক ছেছে ।
অংশ এবং আনুষাঙ্গিকের সুন্দর নির্বাচন এবং সাথে যুক্তিসঙ্গতদাম ।,অংশ এবং আনুষাঙ্গিকের ভয়ঙ্কর নির্বাচন এবং সাথে অযুক্তিসঙ্গত দাম ।,অংশ এবং আনুষাঙ্গিকের ভয়ঙ্কর নির্বাচন এবং সাথে অযুক্তিসঙ্গত দাম ।
প্রত্যেকটি ব্যক্তি খুব আনন্দ করেছেন এবং আমাদের পুরো দলেরথেকে প্রশংসা ছাড়া অন্য কিছু শোনা যায়েনি ।,কোন ব্যক্তি আনন্দ করতে পারেনি এবং আমাদের পুরো দলের থেকেঅভিযোগ ছাড়া অন্য কিছু শোনা যায়েনি ।,কোন ব্যক্তি আনন্দ করতে পারেনি এবং আমাদের পুরো দলের থেকেঅভিযোগ ছাড়া অন্য কিছু শোনা যায়েনি ।
এই দুই মহিলা পেশাদার ।,এই দুই মহিলা অপেশাদার ।,এই দুই মহিলা অপেশাদার ।
একজন কর্মচারী খুব আন্তরিক ভাবে ক্ষমা চেয়েছিলেন ।,"একজন কর্মচারী ক্ষমা ছেয়েছিল, তবে তার ক্ষমা চাওয়ার মধ্যে খুব একটা আন্তরিকতা ছিল না।",কর্মচারী ছেয়েছিল তার ক্ষমা চাওয়ার মধ্যে খুব একটা আন্তরিকতা ছিল না.
আমার খুব ভালো লেগেছে যে এটাই সেই কমিক-পারিবারিক সার্কাসের জায়গা ।,আমার খুব খারাপ লেগেছে যে এটাই সেই কমিক-পারিবারিক সার্কাসের জায়গা ।,আমার খুব খারাপ লেগেছে যে এটাই সেই কমিক-পারিবারিক সার্কাসের জায়গা ।
পণ্য খুবই যুক্তিসঙ্গতভাবে মূল্য করা এবং দুর্দান্ত জৈবপণ্য বাছাই করা ।,পণ্য খুবই অযুক্তিসঙ্গতভাবে মূল্য করা এবং একদমই খারাপ জৈবপণ্য বাছাই করা ।,পণ্য খুবই অযুক্তিসঙ্গতভাবে আঁধার খারাপ জৈবপণ্য বাছাই করা ।
আমার চেখে দেখার মধ্যে এটা সবথেকে ভালো ।,আমার চেখে দেখার মধ্যে সম্ভবত এটা সবথেকে খারাপ ।,আমার চেখে দেখার মধ্যে সম্ভবত এটা সবথেকে খারাপ ।
থাই বেসিল পাস্তাটা গরম এবং সুস্বাদু ছিল ।,থাই বেসিল পাস্তটা উষ্ণ এবং মশলাদার ছিল ।,থাই বেসিল পাস্তটা উষ্ণ এবং মশলাদার ছিল ।
রেস্তরাঁটা খুব আড়ম্বরপূর্ণ ছিল ।,এটা এটাই প্রমাণ করে যে এই রেস্তরাঁর কোন ক্লাস নেই ।,এটা এটাই প্রমাণ করে যে এই রেস্তরাঁর কোন ক্লাস নিউ।
ব্রিটানি আমাকে একটা নতুন চুলের ধরন দিয়ে আমাকেসম্পূর্ণভাবে রূপান্তরিত করে দিয়েছে ।,ব্রিটানি আমাকে একটা পুরনো চুলের ধরন দিয়ে আমাকে সম্পূর্ণভাবেকুৎসিত করে দিয়েছে ।,ব্রিটানি আমাকে একটা পুরনো চুলের ধরন দিয়ে আমাকে সম্পূর্ণভাবেকুৎসিত করে দিয়েছে.
আমি অবশ্যই ই অ্যান্ড এমের পেইন্টিঙের সুপারিশ করব ।,আমি একদমই ই অ্যান্ড এমের পেইন্টিঙের সুপারিশ করব না ।,আমি একদমই ই অ্যান্ড এমের পেইন্টিঙের সুপারিশ করব আর ।
"মিশুকে দল, সুস্বাদু খাঁটি ব্যাগেল এবং চমৎকার ক্রিম চিজ ।","দলটা একদমই মিশুকে নয় , ব্যাগেলগুলিও ভালো না এবং ক্রিমচিজটাও সুস্বাদু ছিল না ।","দলটা একদমই মিশুকে নয়, ব্যাগেলগুলিও ভালো না এবং ক্রিমচিজটাও সুস্বাদু ছিল না ।"
তাদের কর্মীরা জ্ঞানী এবং তথ্যপূর্ণ ।,তাদের কর্মীরা বোকা এবং অজ্ঞাত ।,তাদের কর্মীরা বোকা এবং অজ্ঞাত ।
খেলা ঘরটা দাম অনুযায়ে বেশ উপযুক্ত ।,"খেলা ঘরটা সময়, শক্তি এবং অর্থের অপচয় ।","খেলা ঘরটা সময়, শক্তি এবং অর্থের অপচ্যয় ।"
"তারা খুব উপকারী, দয়াময়ে এবং যুক্তিসঙ্গত মূল্য স্থির করে ।","তাদের আরো উপকারী, দয়াময়ে এবং যুক্তিসঙ্গত মূল্য স্থির করাউচিত ।","তাদের আরো উপকারী, দয়াময়ে এবং যুক্তিসঙ্গত মূল্য স্থির করাউচিত ।"
অবশ্যই ফিরে গিয়ে বন্ধুদের এখানে আসার সুপারিশ করব ।,ফেরত আসবনা এবং বন্ধুদের এখানে আসার ও সুপারিশ করি না ।,ফেরত আসবনা এবং বন্ধুদের এখানে আসার ও সুপারিশ করা যা ইনিষ্ঠা ।
এখানকার শুষি দুর্দান্ত এবং আমার ওদের কুকুম্বার স্যালাডটাও খুব পছন্দ ।,এখানকার শুষি খুব খারাপ এবং আমার ওদের কুকুম্বার স্যালাডটাও একদমই পছন্দ নয়  ।,এখানকার শুষি খুব খারাপ এবং আমার ওদের কুকুম্বার স্যালাডটাও একদমই পছন্দ নয়
তুমি দুর্দান্ত কাজ করছ ।,তুমি এটা কি খারাপ কাজ করছ ?,তুমি এটা কি খারাপ কাজ করছ.
"প্রথমত, বারটেন্ডারটা দুর্দান্ত একটা লোক ছিল ।","প্রথমত, বারটেন্ডারটা খুবই অসভ্য একটা লোক ।","প্রথমত, বারটেন্ডারটা খুবই অন্য লোক ।"
এটার কোনদিন প্রতিস্থাপনের প্রয়োজন হবে না ।,"আসলে, এটার এক্ষুনি প্রতিস্থাপনের প্রয়োজন নেই ।","আসলে, এটার এক্ষুনি প্রতিস্থাপনের উপকার নেই ।"
তাদের কম্ব থেকে নির্বাচন করার অসাধারণ সব পণ্যও রয়েছে ।,তাদের থেকে চয়ন করার জন্য কম্বোগুলির একটি ভয়ঙ্কর নির্বাচন রয়েছে।,তাদের থেকে চয়ন করার জন্য কম্বোগুলির একটি ভয়ঙ্কর চাই।
হে ঈশ্বর কার্লসব্যাড ট্যাভেরান অসাধারণ !,হে ঈশ্বর কার্লসব্যাড ট্যাভেরান জঘন্য !,হে ঈশ্বর কার্লসব্যাড ট্যাভেরান জঘন্য!
পরিষেবাটা দুর্দান্ত এবং খাবার ও।,কোন সৌজন্য নেই এবং খাবারের দোষাও খুব করুন ।,কোন সৌজন্য নেই এবং খাবারের দোষাও খুব করুন.
"খুব ভালো খাবার, এবং একটা প্লেটই যথেষ্ট ।","খুব খারাপ খাবার, এবং একটা প্লেট একজনের জন্য একদমই যথেষ্টনয়  ।","খুব খারাপ খাবার, এবং একটা প্লেট একজনের জন্য একদমই যথেষ্টনয়  ।"
আমার এখানে যাওয়ার সিদ্ধান্ত নিয়ে খুব খুশি ।,আমার এখানে যাওয়ার সিদ্ধান্ত নিয়ে খুব দুঃখী ।,আমার এখানে যাওয়ার সিদ্ধান্ত নিয়ে খুব জাই.
আমি আমার পরিবারকে এখানে তাজা সি ফুড খাওয়াতে নিয়েযেতে পছন্দ করি ।,আমি আমার পরিবারকে এখানে বাসি সি ফুড খাওয়াতে নিয়ে যেতেপছন্দ করি না ।,আমি আমার পরিবারকে এখানে বাসি সি ফুড খাওয়াতে নিয়ে যেতেপছন্দ করি আমার পরিবারকে.
মার্গারিটাটা খুব সুস্বাদু এবং আইস ক্রিম সহ চুরোসটাওঅসামান্য ।,মার্গারিটাটা একদম ভালো নয়  এবং আইস ক্রিম সহ চুরোসটারওকোন স্বাদ নেই ।,মার্গারিটাটা একদম ভালো নয়  এবং আইস ক্রিম সহ চুরোসটারওকোন স্বাদ নিয়ে ।
আমাদের বিশেষ রাতটা এতো স্মরণীয় বানানোর জন্য অনেকধন্যবাদ ।,আমাদের বিশেষ রাতটা খারাপ করে দেওয়ার জন্য অনেক ধন্যবাদ ।,সেই আমাদের বিশেষ রাতটা খারাপ করে দেওয়ার জন্য অনেক ধন্যবাদ ।
আমার বাইরে বসার ব্যাবস্থাটা খুব ভালো লাগে এবং রিভার্সহ্যাপি অ্যাওয়ার্সটা খুবই সাশ্রয়ী ।,আমার বাইরে বসার ব্যাবস্থাটা একদম ভালো লাগেনা এবং রিভার্সহ্যাপি অ্যাওয়ার্সটা খুবই দামি ।,মার বাইরে বসার ব্যাবস্থাটা একদম ভালো লাগেনা এবং রিভার্সহ্যাপি অ্যাওয়ার্সটা খুবই দামি ।
তুমি যদি শিগ্রহি বিয়ের কনে হও তাহলে তোমার এই জায়গাটায়ে যাওয়া উচিত ।,তুমি যদি শিগ্রহি বিয়ের কনে হও তাহলে তোমার এই জায়গাটায়ে সবরকমভাবে এড়িয়ে চলা উচিত ।,তুমি যদি শিগ্রহি বিয়ের কনে হও তাহলে তোমার এই জায়গাটায়ে সবরকমভাবে এড়িয়ে চলা উচিত ।
এটা একটি আন্তর্জাতিক উল্লাস ।,এটা একটা আন্তর্জাতিক উল্লাস নয়  ।,এটা একটা আন্তর্জাতিক উল্লাস খুব নয়.
আমি অবশ্য করে ইমপ্যাক্ট অটো বডির সুপারিশ করি ।,আমি অবশ্য করে সুপারিশ দিচ্ছি যে তুমি ইমপ্যাক্ট অটো বডির প্রভাবে পরো না ।,আমি অবশ্য করে সুপারিশ দিচ্ছি যে তুমি ইমপ্যাক্ট অটো বডির প্রভাবে পরো না ।
অন্যান্য অনেক গাইরো প্লেসে খাওয়ার পরেও কিংসের সসসবথেকে সেরা ।,অন্যান্য অনেক গাইরো প্লেসে খাওয়ার পরে বুঝতে পারলাম যেকিংসের সস সবথেকে খারাপ ।,সেই গাইরো প্লেসে খাওয়ার পরে বুঝতে পারলাম যেকিংসের সস সবথেকে খারাপ ।
এখানে সবসময় সবকিছু স্টকে থাকে ।,তবে এটা আসলে স্টকে নাও থাকতে পারে ।,তবে এটা আসলে স্টকে থাকতে পারে ।
এই খাবারটা ওয়ালমার্টের ফ্রিজার বিভাগের খাবারের থেকে অনেক ভালো ।,এই খাবারটা ওয়ালমার্টের ফ্রিজার বিভাগের খাবারের চেয়েও খারাপ।,এই খাবারটা ওয়ালমার্টের ফ্রিজার বিভাগের খাবারের চেয়েও খারাপ।
পরিষেবাটি চমৎকার ছিল ।,পরিষেবা খুব হতাশাজনক ছিল ।,পরিষেবা খুব হতাশাজনক হল.
কর্মীরা খুবই ভালো এবং জায়গাটি একদম পুরনো শহরের মাঝখানে ।,কর্মীরা খুব একটা ভালো নয়  এবং জায়গাটি পুরনো শহর থেকেখুবই অসুবিধাজনক দূরত্বতে।,কর্মীরা খুব একটা ভালো নয়  এবং জায়গাটি পুরনো শহর থেকেখুবই অসুবিধাজনক দূরত্বতে।
আমি টুকরো পাওয়ার জন্য এখানে মধ্যাহ্নভোজে খেতে আসতেপছন্দ করি ।,আমি টুকরোর জন্য এখানে মধ্যাহ্নভোজে খেতে আসতে পছন্দ করিনা ।,আমি টুকরোর জন্য এখানে মধ্যাহ্নভোজে খেতে আসতে পছন্দ করিনা ।
এমন কি গ্রীষ্ম কালেও তাদের ভদ্র পৃষ্ঠপোষকতা আছে ।,এমন কি গ্রীষ্ম কালেও কোন পৃষ্ঠপোষকতা নেই ।,এমন কি গ্রীষ্ম কালেও কোন পৃষ্ঠপোষকতা নেই.
অসামান্য পার্সিয়ান খাবার এবং পরিষেবাও উল্লেখযোগ্য ।,বিরক্তিকর পার্সিয়ান খাবার এবং পরিষেবাও খুব খারাপ ।,বিরক্তিকর পার্সিয়ান খাবার এবং পরিষেবাও খুব খারাপ ।
যদিও সেটা আরও বড় জায়গার সাথে আসে ।,দুঃখজনকভাবে ওটা ছোট জায়গার সাথে আসে ।,দুঃখজনকভাবে ওটা ছোট জায়গার সাথে আসে ।
সে আমায়ে ধৈর্যসহকারে সাহায্য করেছিল ।,ও কিছু না বলেই পাশ কাটিয়ে হেঁটে চলে যায়ে ।,ও কিছু পাশ কাটিয়ে হেঁটে চলে যায়ে ।
যদি তুমি একেবারে রূপান্তরিত হয়ে বেরতে চাও তাহলে এইজায়গাটা তোমার জন্য ।,যদি তুমি একেবারে রূপান্তরিত হয়ে বেরতে চাও তাহলে এই জায়গাটাতোমার জন্য নয়  ।,যদি তুমি একেবারে রূপান্তরিত হয়ে বেরতে চাও তাহলে এই জায়গাটাতোমার জন্য নয় ।
এই শাখাটা দিনের পর দিন আরো ভালো হয়ে যাচ্ছে ।,এই শাখাটা দিনের পর দিন আরো খারাপ হয়ে যাচ্ছে ।,এই শাখাটা দিনের পর এখানে আরো খারাপ হয়ে যাচ্ছে.
আমি চারপাশে তাকালাম এবং দেখলাম যে প্রতিটা গ্রাহকের খুব ভালো ভাবে পরিষেবা  হচ্ছে।,আমি চারিদিকে তাকিয়ে দেখলাম এখনো অনেক গ্রাহক রয়েছে ।,আমি চারিদিকে তাকিয়ে দেখলাম এখনো অনেক গ্রাহক রয়েছে
উপহারের জন্য একদম সেরা জায়গা ।,উপহারের জন্য একদম ভালো জায়গা নয়  ।,উপহারের জন্য ভালো জায়গা নয় ।
পুল টেবিল এবং মূল্যবান পানীয় এই রাতটাকে বেশ মজার একটারাত করে তুলেছে ।,ভাঙা পুল টেবিল এবং দামি পানীয় এই রাতটাকে আরো বেশি খারাপকরে তুলেছে ।,পুল টেবিল এবং দামি পানীয় এই রাতটাকে আরো বেশি খারাপকরে তুলেছে ।
এত ভালো রান্না করা হয়েছিল যে ক্যাণ্ড টুনা ফিসের মত একদমই লাগছিল না ।,এত খারপভাবে পুরে গেছিল যে ক্যাণ্ড টুনা ফিসের মতো  ঘনত্ব হয়ে গেছিল ।,এত খারপভাবে পুরে গেছিল যে ক্যাণ্ড টুনা ফিসের মতো । ঘনত্ব হয়ে গেছিল ।
খাবারটা একদম নিখুঁতভাবে রান্না করা হয়েছিল ।,খাবারটা পুরে গিয়ে খুব শক্ত হয়ে গেছিল ।,খাবারটা পুরে গিয়ে খুব শুনি হয়ে গেছিল ।
আমার শেষবারের পরিদর্শন পর থেকে এরা তালিকায়ে অনেকনতুন পদ যোগ করেছে ।,আমার শেষবারের পরিদর্শনের পর থেকে এরা তালিকায়ে নতুন কোনপদ যোগ করেনি ।,আমার শেষবারের পরিদর্শনের পর থেকে এরা তালিকায়ে নতুন কোন পদ যোগ করিনি ।
আমি ওদের ইমেইলে সাইন আপ করি এবং একটি কুপন পাই ।,আমি ওদের ইমেইলে সাইন আপ করি এবং অপ্রাসঙ্গিক পরিষেবা  পাই ।,আমি ওদের ইমেইলে সাইন আপ করি এবং অপ্রাসঙ্গিক পরিষেবা পাই ।
ঔষুধের দোকানটা সত্যিই খুব সহানুভূতিশীল ।,আমি বিশ্বাস করতে পারছি না যে ঔষুধের দোকানটা এতটা অবিবেচক ।,আমি বিশ্বাস করতে পারছি না যে অবিবেচক দোকানটা এতটা অবিবেচক ।
এটার অনেক কম দাম (তারা যা পরিবেশন করে তার অনুযায়ে) !,এটার বড্ড বেশি দাম (তারা যা পরিবেশন করে তার অনুযায়ে) !,এটার বড্ড বেশি দাম (তারা যা পরিবেশন করে তার অনুযায়ে)!
প্রচণ্ড হাসিখুশি আচরণ এবং খুব নিখুঁত গ্রাহক পরিষেবা  ছিল ।,কোন হাসিখুশি আচরণ বা গ্রাহক পরিষেবা  ছিল না ।,কোন হাসিখুশি আচরণ বা গ্রাহক পরিষেবা ছিল না ।
আমার ডান্স ফ্লোরের আকার খুব পছন্দ হয়েছে ।,আমার ডান্স ফ্লোরের আকার পছন্দ হয়েনি ।,মার ডান্স ফ্লোরের আকার পছন্দ হয়েনি ।
তারা আমার অ্যাপার্টমেন্টও খুঁজে পেয়েছিল যেটা পাওয়া বেশকঠিন ।,তারা আমার অ্যাপার্টমেন্টও খুঁজে পায়েনি যেটা পাওয়া বেশ সহজ ।,তারা আমার অ্যাপার্টমেন্টও খুঁজে পায়েনি যেটা পাওয়া বেশ আর সহজ ।
আমাদের সার্ভারের একটা মিশুকে এবং দুর্দান্ত ব্যক্তিত্বের ছিলেন ।,আমাদের সার্ভারের কোন ব্যক্তিত্ব ছিল না।,আমাদের সার্ভারের কোন ব্যক্তিত্ব ছিল তো।
তারা আমায়ে কাজের এবং যন্ত্রাংশ স্থাপিত করার জন্য পারিশ্রমিক দিয়েছে ।,তারা আমায়ে কাজ না করা এবং যন্ত্রাংশ স্থাপিত না করার জন্য পারিশ্রমিক দিয়েছে ।,তারা আমায়ে কাজ না করা এবং যন্ত্রাংশ স্থাপিত না করার জন্য পারিশ্রমিক দিয়েছে ।
সবেই একটা সন্তোষজনক তেলতেলা গন্ধ ছিল যেটা বিয়ারেরসাথে হজম হয়ে যায়  ।,সব খাবারই অত্যধিক তেলতেলা ভাব ছিল যেটা বিয়ারের সাথে হজমহয় না ।,সব খাবারই অত্যধিক তেলতেলা ভাব ছিল যেটা বিয়ারের সাথে হজমহয় আই
"খাবারটা গরম ছিল (এবং তাজা), আমরা পাঁজরটা নিয়েছিলাম ।","খাবারটা ঠাণ্ডা ছিল (এখনো জমাট), আমরা পাঁজরটা নিয়েছিলাম ।","খাবারটা ঠাণ্ডা ছিল (এখনো জমাট), আমরা পাঁজরটা নিয়েছিলাম ।"
আমার স্বামী ওয়াইনের ফরমাশটা সরাসরি টেবিল থেকেই দিয়েছে ।,আমার স্বামীকে ওয়াইনের ফরমাশ দিতে বার অবধি উঠে যেতে হয়েছিল ।,আমার স্বামীকে ওয়াইনের ফরমাশ দিতে বার অবধি উঠে যেতে হয়েছিল ।
"তারা যাই বলে, লিখিতভাবে দিয়ে দায়ে ।","তারা যাই বলুক না কেন, লিখিতভাবে চেয়ে নিও ।","তারা যাই বলুক না কেন, লিখিতভাবে চেয়ে নিও."
সুন্দর দৃশ্যাবলী এবং মিশুকে কর্মী ।,অপ্রীতিকর দৃশ্যাবলী এবং খারাপ কর্মী ।,অপ্রীতিকর দৃশ্যাবলী এবং খারাপ কর্মী ।
সারা পৃথিবী ঘুরে বেরাও এবং ভারতের খাবার ভালভাবে চিনতেশেখ ।,সারা পৃথিবী ঘুরে বেড়িয়েও ভারতের খাবার ভালভাবে চেন না ।,সারা পৃথিবী ঘুরে বেড়িয়েও ভারতের খাবার ভালভাবে চেন না ।
তারা সেখানে যা যা পরিবেশন করে সবকিছুই অসাধারণ ।,তারা সেখানে যা যা পরিবেশন করে একটাও ভালো না ।,তারা সেখানে যা যা পরিবেশন করে একটাও ভালো না ।
আমি এখানে সবথেকে ভালো পর্ক বেলি খেয়েছি ।,আমি এখানে সবথেকে খারাপ পর্ক বেলি খেয়েছি ।,আমি এখানে সবথেকে খারাপ পর্ক বেলি খেয়েছি ।
"ওখানে মধ্যাহ্নভোজের জন্য গেছিলাম, চমৎকার ওয়াইনেরতালিকা এবং খুব ভালো পরিষেবা ।","ওখানে মধ্যাহ্নভোজের জন্য গেছিলাম, না সেখানে ওয়াইনের তালিকাভালো ছিল না পরিষেবা ।","ওখানে মধ্যাহ্নভোজের জন্য গেছিলাম, না সেখানে ওয়াইনের তালিকাভালো ছিল না পরিষেবা ।"
অর্থ এবং অভিজ্ঞতার মূল্য পাবে ।,নিজের টাকা এবং ধৈর্য বাচাও ।,আপনি কি নিজের টাকা এবং ধৈর্য বাচাও ।
তাকে সবসময় চমৎকার লাগে দেখতে এবং আমি যখনই তাকেনিতে যাই সে খুব খুশি হয় ।,তাকে সবসময় খুব দুঃখী লাগে দেখতে এবং আমি যখন তাকে নিতেযাই সে খুব দুঃখে থাকে ।,তাকে সবসময় খুব দুখী লাগে দেখতে এবং আমি যখন তাকে নিতে যাই সে খুব দুখে থাকে।
তালিকা এবং পানীয় খুবই পছন্দদায়ক ।,তালিকা এবং পানীয় কোনটাই পছন্দ হয়েনি ।,তালিকা এবং পানীয় কোনটাই পছন্দ হয়েনি ।
তাদের চমৎকারী বাছাই করা জিনিস এবং খুব জ্ঞানী কর্মীদলছিল ।,তাদের বাছাই করা জিনিসগুলো দুর্দান্ত ছিল না এবং তাদের কর্মীদলের কোন ধারনা ছিল না ।,তাদের বাছাই করা জিনিসগুলো দুর্দান্ত ছিল না এবং তাদের কর্মীদলের কোন ধারনা ছিল না.
এই জায়গায়ে যেও তারা অসম্ভব ভালো ।,এই জায়গায়ে যেও না তারা ভয়ঙ্কর ।,এই জায়গায়ে যেও তারা ভয়ঙ্কর ।
এটা খুব মিষ্টি এবং অদ্ভুত ।,এটা একদমই মিষ্টি বা অদ্ভুত নয়  ।,এটা একদমই মিষ্টি বা অদ্ভুত না ।
আমি অবশ্য করে এই সেলুনে আবার ফেরত যাব ।,আমি আর কখনো সেলুনে যাব না ।,আমি আর কখনো সেলুনে যাব ।
খাবারটা উচ্চমানের ছিল এবং সবকিছু ভালো স্বাদের জন্য ইচ্ছেকৃতভাবে একসাথে দিয়েদেওয়া হয়েছিল ।,খাবারটা নিম্নমানের ছিল এবং সবকিছু একসাথে দিয়ে দেওয়া হয়েছিল দ্রুত তৈরি হওয়ার জন্য।,খাবারটা নিম্নমানের ছিল এবং সবকিছু একসাথে দিয়ে দেওয়া হয়েছিল দ্রুত তৈরি হওয়ার জন্য।
আমি এগিয়ে গিয়ে ম্যানেজারকে প্রশংসা করতে লাগলাম ।,"আমি একেবারে বেড়িয়ে গিয়ে, ম্যানেজারকে ফোন করে অভিযোগ করেছিলাম ।","আমি একেবারে বেড়িয়ে গিয়ে, ম্যানেজারকে ফোন করে অভিযোগ করেছিলাম ।"
আজকাল আরো অনেক বেশি ।,আজকাল খুব একটা না ।,আজকাল খুব একটা হয় ।
এবং পরিষ্কারের মূল্য একদম সঠিক ।,এবং পরিষ্কারের মূল্য অনেক বেশি ।,এবং পরিষ্কারের মূল্য কোন বেশি নে ।
আমি এটা ধোয়া চেয়েছিলাম তাই নিজেই ধুয়ে নিয়েছিলাম !,"আমি যদি এটা ধোয়া চাইতাম, আমি নিজেই ধুয়ে নিতাম !","আমি যদি এটা ধুয়া চাইতাম, আমি নিজেই ধুয়ে নিতাম!"
"আর আবার, খাবার অসম্ভব সুস্বাদু ছিল ।","আর আবার, খাবার অসম্ভব খারাপ ছিল ।","আর আবার, খাবার অসম্ভব খারাপ ছিল ।"
এবং আমি প্রতিবারই গাইরো স্যান্ডউইচটা পাই এবং সেটাপ্রতিবারই সবথেকে ভালো হয় ।,এবং আমি প্রতিবারই গাইরো স্যান্ডউইচটা পাই এবং সেটা প্রতিবারই সবথেকে খারাপ হয় ।,এবং আমি প্রতিবারই গাইরো স্যান্ডউইচটা পাই এবং সেটা প্রতিবারই সবথেকে খারাপ হয় ।
সমস্যাটা হলো সবকিছুই ভালো ছিল ।,অসুবিধা এটাই যে কিছুই ভালো ছিল না ।,সুবিধা এটাই যে কিছুই ভালো ছিল না ।
এই জায়গাটা বাইরে বসা গেলে অসাধারণ লাগে ।,এই জায়গাটা বাইরে বসা গেলেও ভালো লাগে না ।,এই জায়গাটা বাইরে বসা গেলেও ভালো লাগে চলেও ।
তারা স্পষ্টভাবে উল্লেক করেছেন যে কর্মীদের টিপস দেওয়া যাবে না ।,আমি জানতাম না সেখানকার কর্মীরা গ্রাহকদের কাছ থেকে টিপস পেতে পারে ।,আমি জানতাম না সেখানকার কর্মীরা গ্রাহকদের কাছ থেকে টিপস পেতে পারে ।
এটা সবথেকে ভালো পান্ডা এক্সপ্রেস জায়গা !,এটা সবথেকে জঘন্য পান্ডা এক্সপ্রেস জায়গা !,এটা সবথেকে জঘন্য পান্ডা এক্সপ্রেস জায়গা!
এটি একটি বিরল রত্ন এবং আমি এটার সন্ধান পেয়ে খুব খুশি ।,এটি খুব সাধারণ এবং আমি এটা নিয়ে খুশিও নই ।,এটি খুব সাধারণ এবং আমি এটা নিয়ে খুশিও না ।
খাবারটা সবসময় তাজা থাকে ।,খাবারটা সবসময় বাসি থাকে ।,কার্যকরাটা সবসময় বাসি থাকে ।
ক্রু খুব মিশুকে এবং সহানুভূতিশীল ছিল ।,ক্রু একদমই মিশুকে ছিল না এবং বেশ অসহানুভূতিশীল ছিল ।,ক্রু একদমই মিশুকে ছিল না এবং বেশ অসহানুভূতিশীল ছিল ।
আমার এই জায়গাটা এতোটাই পছন্দ হয়েছে যে আমি আসলেএকটা ফ্র্যাঞ্চাইজি কেনার ব্যাপারে জিজ্ঞেসাবাদ করেছি ।,আমার এই জায়গাটা এতোটাই অসহ্য লেগেছে যে আমি আসলেফ্র্যাঞ্চাইজি থেকে বেড়িয়ে আসার ব্যাপারে জিজ্ঞেসাবাদ করেছি ।,আমার এই জায়গাটা এতোটাই অসহ্য লেগেছে যে আমি আসলেফ্র্যাঞ্চাইজি থেকে বেড়িয়ে আসার ব্যাপারে জিজ্ঞেসাবাদ করেছি ।
তার জন্মদিনের চমক এবং তার বিশেষ দিন দুটোই খুব সুন্দর ভাবে কেটেছে ।,জন্মদিনের চমক এবং তার বিশেষ দিন দুটোই নষ্ট হয়ে গেল ।,জন্মদিনের চমক এবং তার বিশেষ দিন দুটোই নষ্ট হয়ে গেল
নিরাপদ ভাবে এটা বলা যায়ে যে আমরা এই অয়ালগ্রিন জায়গায় আসতে থাকব ।,নিরাপদ ভাবে এটা বলা যায়ে যে এবার থেকে আমরা অন্যান্য অয়ালগ্রিন জায়গাগুলো তে যাবে না ।,নিরাপদ ভাবে এটা বলা যায়ে যে এবার থেকে আমরা অন্যান্য অয়ালগ্রিন জায়গাগুলো তে যাবে না.
আমরা তারপর আমাদের অত্যন্ত ভদ্র এবং শান্ত সার্ভারের কাছে ফরমাশ দিলাম ।,আমরা তারপর আমাদের অত্যন্ত অভদ্র এবং অভিভূত সার্ভারের কাছে ফরমাশ করলাম । ,আমরা তারপর আমাদের অত্যন্ত অভদ্র এবং অভিভূত সার্ভারের কাছে ফরমাশ করলাম ।
দুর্দান্ত  দাম এবং সহযোগীরা সবাই খুব গ্রাহক বান্ধব এবং উপকারী।,দুর্দান্ত দাম তবে সহযোগীরা কেউ গ্রাহক বান্ধব বা উপকারী নয়  ।,দুর্দান্ত দাম তবে সহযোগীরা কেউ গ্রাহক বা উপকারী নয় ।
"এছাড়াও, আমরা খুব আনন্দিতভাবে অবাক হয়েছিলাম শেষবারযখন আমরা আমাদের কুকুরদের শটের জন্য নিয়ে গেছিলাম ।","এছাড়াও, আমরা খুব অপ্রীতিকরভাবে অবাক হয়েছিলাম যখনআমরা আমাদের কুকুরদের শটের জন্য নিয়ে গেছিলাম ।","এছাড়াও, আমরা খুব অপ্রীতিকরভাবে অবাক হয়েছিলাম যখনআমরা আমাদের কুকুরদের শটের জন্য নিয়ে গেছিলাম ।"
বারে বসে ছোট পাত্রগুলো থেকে খেও ।,বারে বসো না এবং ছোট পাত্রগুলো এড়িয়ে চলো় ।,বারে বসো না এবং ছোট পাত্রগুলো এড়িয়ে চলুই.
খাবারটা বুফের তুলনায়ে দুর্দান্ত ।,"এছাড়াও, সেখানেকার খাবার বুফের অনুযায়ে দুর্দান্ত ছিল না ।","এছাড়াও, সেখানেকার খাবার বুফের অনুযায়ে দুর্দান্ত ছিল না ।"
"আমি অনলাইনে যাচাই করেছি, এবং কুপন সাইটে বলা ছিল যে আমার শংসাপত্র একদমঠিক ছিল ।","আমি অনলাইনে যাচাই করেছি, এবং কুপন সাইটে বলা ছিল যে আমার শংসাপত্র একদম ঠিকছিল না ।","আমি অনলাইনে যাচাই করেছি, এবং কুপন সাইটে বলা ছিল যে আমার শংসাপত্র একদম ঠিকছিল না ।"
সন্ধ্যেটা উত্তেজনার সঙ্গে শুরু হয়েছিল ।,সন্ধ্যেটা ধীর স্থির হয়ে শুরু় হয়েছিল ।,সন্ধ্যেটা ধীর স্থির হয়ে শুরু হয়েছিল ।
ভালো খাবার সুন্দর দামে ।,খাবারটা ভালো ছিল না এবং দামটাও খুব বেশি ছিল ।,খাবারটা ভালো ছিল না এবং দামটাও খুব বেশি ছিল ।
দুর্দান্ত কাবাবের তালিক এবং সাথে ভালো পরিষেবা ।,কাবাবের তালিকাগুলো অসুস্বাদু এবং পরিষেবা জঘন্য ।,কাবাবের তালিকাগুলো অসুস্বাদু এবং পরিষেবা জঘন্য ।
মাস্টারড বিফ রিবস খুব নরম ছিল ।,মাস্টারড বিফ রিবস খুব শক্ত ছিল ।,মাস্টারড বিফ রিবস খুব শুনত ।
তারা এই এলাকার সবথেকে ভালো দামের জায়গা ।,তারা এই এলাকার সবথেকে বেশি দামের জায়গা ।,তারা এই এলাকার সবথেকে বেশি দামের জায়গা ।
আমাকে একটা বিনামূল্যের ডেসার্টও দেওয়া হয়েছিল ।,আমাকে শুধু একটা বিনামূল্যের ডেসার্ট দেওয়া হয়েছিল ।,আমাকে শুধু একটা বিনামূল্যের ডেসার্ট দেওয়া হয়েছিল ।
সে আমার রঙ এবং চুলের কাটিঙের উপর চমৎকার কাজ করেছে ।,সে আমার রঙ এবং চুলের কাটিঙের উপর খুব খারাপ কাজ করেছে ।,সে আমার রঙ এবং চুলের কাটিঙের উপর খুব খারাপ কাজ করেছে.
আমরা ওখানে একটা ব্যাস্ত ছুটির সপ্তাহে গেছিলাম তবে তখন পরিষেবা অত্যন্ত দ্রুত ছিল ।,আমরা ওখানে একটা ব্যাস্ত ছুটির সপ্তাহে গেছিলাম এবং তখন পরিষেবা খুবই ধীর ছিল ।,আমরা ওখানে একটা ব্যাস্ত ছুটির সপ্তাহে গেছিলাম এবং তখন পরিষেবা খুবই ধীর ছিল ।
সে আমায়ে ফিরে ফোন করেছিল ।,সে আমাকে ফিরে ফোন করেনি ।,সে আমাকে ফিরে ফোন করেনি ।
তাদের কাছে প্রচুর চীজ এবং লাল মরিচ ছিল ।,"এছাড়াও, তারা এক প্যাকেট চীজ এবং লাল মরিচ আনতে পারল না ?","এছাড়াও, তারা এক প্যাকেট চীজ এবং লাল মরিচ আনতে পারল তা থাকে!"
তারা সব অংশ রাখে  ।,তারা সবচেয়ে সাধারণ কিছু অংশ রাখে না ।,তারা সবচেয়ে সাধারণ কিছু অংশ রাখে তাকে ।
এই পীজ্জাটা প্রচণ্ড ভালো ।,এই পিজ্জাটা প্রচণ্ড খারাপ ।,এই পিজ্জাটা প্রচণ্ড হলে ।
ওখানে উপস্থিত সবার জন্যই এটা বেশ মজাদার ছিল ।,"ওটা জড়িত সবার জন্যই লজ্জাজনক ছিল, যদিও আমার মনে হয় না সে লক্ষ্য করেছিল ।","ওটা জড়িত সবার জন্যই লজ্জাজনক ছিল, যদিও আমার মনে হয় না সে লক্ষ্য করেছিল."
পরের বার যখন শহরে আসব তখন নিশ্চয়ই ফেরত যাব ।,কোনদিন আর ফিরে যাব না ।,একদিন আর ফিরে যাব না ।
"প্রথমবার যখন আমি ভেতরে গেছিলাম, আমি জানতাম আমারকিছু নতুন চাই ।","প্রথমবার যখন আমি ভেতরে গেছিলাম, আমি জানতাম আমি ওখানথেকে বেড়িয়ে যেতে চাইব ।","প্রথমবার যখন আমি ভেতরে গেছিলাম, আমি জানতাম আমি ওখানথেকে বেড়িয়ে যেতে চাইব ।"
আমি এতে পাঁচের মধ্যে পাঁচটা স্টারই দিতে চাই ।,আমি এতে কোন স্টারই দিতে চাই না ।,আমি এতে কোন স্টারই দিতে চাই না ।
আমার বড় বড় চেন রেস্তরাঁগুলো পছন্দ ।,আমার বড় বড় চেন রেস্তরাঁগুলো পছন্দ নয়  ।,মার বড় বড় চেন রেস্তরাঁগুলো পছন্দ নয়  ।
এখানকার খাবার খুব সুস্বাদু ।,এখানকার খাবার খুব খারাপ ।,এখানকার খাবার খুব খারাপ ।
তাদের স্যান্ডউইচ সত্যিই খুব সুস্বাদু ছিল ।,তাদের স্যান্ডউইচ সত্যিই খুব অসুস্বাদু ছিল ।,তাদের স্যান্ডউইচ সত্যিই খুব সুস্বাদু ছিল ।
অসম্ভব মনযোগী এবং সত্যিকারের একজন ভালো মানুষ ।,অত্যন্ত অমনযোগী এবং একজন অসৎ ব্যক্তি ।,তোমার অত্যন্ত অমনযোগী এবং একজন অসৎ ব্যক্তি ।
সালসাটা অসাধারণ খেতে ছিল যদিও পরের বার আমি আরোগরমের দিতে বলব ।,সালসাটা জঘন্য খেতে ছিল এবং এরপর আর কোনদিন ফিরব না ।,সালসাটা জঘন্য খেতে ছিল এবং এরপর আর এক দিন ফিরব না ।
আমার 'গরম' সাব গরম হওয়ায়ে ভেতরের মাংস নরম ছিল ।,আমার 'গরম' সাব ঠাণ্ডা হয়ে যাওয়ায়ে ভেতরের মাংস জলজলে হয়ে গেছে ।,আমার 'গরম' সাব ঠাণ্ডা হয়ে যাওয়ায়ে ভেতরের মাংস জলজলে হয়ে গেছে ।
আমি ক্যামেলব্যাকে একটা আনন্দদায়ক অবস্থান থেকে সবেফিরেছি ।,আমি ক্যামেলব্যাকে একটা ভয়ঙ্কর অভিজ্ঞতা থেকে সবে ফিরেছি ।,আমি ক্যামেলব্যাকে একটা ভয়ঙ্কর অভিজ্ঞতা থেকে সবে ফিরেছি ।
"তাদের চিপস ভালো ছিল, এবং সালসাটা অসাধারণ ছিল ।","তাদের চিপস ঠিক ছিল, তবে সালসাটা অসুস্বাদু ছিল ।","তাদের চিপস ঠিক ছিল, তবে সালসাটা অসুস্বাদু ছিল ।"
খুব ভালো দামের কারবার ছিল এবং সাথে মিশুকে কর্মীদল ।,খুব খারাপ দামের কারবার ছিল এবং সাথে কর্মীরা একদমই মিশুকেছিল না ।,খুব খারাপ দামের কারবার ছিল এবং সাথে কর্মীরা একদমই মিশুকেছিল না ।
এটা নতুন এবং আধুনিক দেখাচ্ছে ।,এটা পুরনো এবং সেকেলে দেখাচ্ছে ।,এটা পুরনো এবং সেকেলে দেখাচ্ছে ।
"দুর্দান্ত এবং দ্রুত পরিষেবা, এই ছেলেমেয়েরা সত্যিই জানে তারা কিকরছে ।","জঘন্য এবং ধীর পরিষেবা, এই ছেলেমেয়েরা সত্যিই জানেনা তারা কিকরছে ।","জঘন্য এবং ধীর পরিষেবা, এই ছেলেমেয়েরা সত্যিই জানেনা তারা কিকরছে ।"
"আর ঠিক এই কারণে, আমি আবার ফিরে আসব ।","আর ঠিক এই কারণে, আমি আর কোনদিন ফিরব না ।","আর ঠিক এই কারণে, আমি আর কোনদিন ফিরব যাই ।"
প্রাতঃরাশের জন্য এর থেকে আর ভালো জায়গা হয়না ।,প্রাতঃরাশের জন্য এর থেকে আরো ভালো জায়গা আছে ।,প্রাতঃরাশের জন্য এর থেকে আরো ভালো জায়গা আছে ।
তারা অত্যন্ত মিশুকে এবং যুক্তিসঙ্গত মূল্যর ।,তারা একদমই মিশুকে বা যুক্তিসঙ্গত মূল্যর নয়  ।,তারা একদমই মিশুকে বা যুক্তিসঙ্গত মূল্যর নয় ।
আমি সুস্বাদু গার্লিক ব্রেড এবং ফেটুসিন আলফ্রেডো পাস্তা সবজিসহ ফরমাশ করেছিলাম ।,আমি স্বাদহীন গার্লিক ব্রেড এবং ফেটুসিন আলফ্রেডো পাস্তা সবজিসহ ফরমাশ করেছিলাম ।,আমি স্বাদহীন গার্লিক ব্রেড এবং ফেটুসিন আলফ্রেডো পাস্তা সবজিসহ ফরমাশ করেছিলাম ।
খুব জ্ঞানী ডেন্টিস্ট এবং স্টাফ ।,অযোগ্য ডেন্টিস্ট এবং স্টাফ ।,অযোগ্য ডেন্টিস্ট এবং স্টাফ ।
এদের সাথে এখুনি ভাড়া সই করো ।,এদের সাথে ভাড়া সই কোরো না ।,এদের সাথে ভাড়া সই কোরো না ।
যদি ভালো খাবার খেতে চাও তাহলে অবশ্য করে ওই জায়গায় যেও ।,যদি ভালো খাবার খেতে চাও তাহলে ওখানে যেও না ।,যদি ভালো খাবার খেতে চাও তাহলে ওখানে যেও তাহলে ।
যদিও তারা তোমায়ে বলে দেবে ।,যদিও তারা তোমায়ে বলবেনা ।,যদিও তারা তোমায়ে বলবেনা ।
জায়গাটি সহজেই খুঁজে পেয়েছি ।,"জায়গাটি খুঁজে পেয়েছি, যদিও খারাপ সাইনবোর্ডের কারণে পাওয়া মুশকিল ।","জায়গাটি খুঁজে পেয়েছি, যদিও খারাপ সাইনবোর্ডের কারণে পাওয়া হুরার ।"
আমার ডিয়ার পিপার রিবর্স খুব ভালো এবং নরম ছিল ।,আমার ডিয়ার পিপার রিবর্স জঘন্য এবং শক্ত ছিল ।,আমার ডিয়ার পিপার রিবর্স জঘন্য এবং শক্ত না ছিল ।
এমনকি আইসক্রিমটা খুব আলাদা আর খুব ভালো খেতে ছিল ।,এমনকি আইসক্রিমটা সাধারণ খেতে ছিল ।,এমনকি আইসক্রিমটা সাধারণ খুব ছিল ।
না বসে থাকলেও যা ইচ্ছে ফরমাশ করতে পারেন ।,আপনি যদি না বসতে পারেন তাহলে কিছু ফরমাশ করার প্রয়োজন বোধ করবেন না ।,আপনি যদি বসতে পারেন তাহলে কিছু ফরমাশ করার প্রয়োজন বোধ করবেন না ।
পাউরুটিটা চমৎকার এবং চাটনিটা সুস্বাদু খেতে হয়েছে ।,পাউরুটিটা স্যেতস্যেতা এবং চাটনিটা অখাদ্য ।,পাউরুটিটা স্যেতস্যেতা এবং চাটনিটা অখাদ্য ।
যেন এটা একদম তাজা ।,যেন এটা ফ্রিজে এক সপ্তাহ ধরে ছিল ।,এটা ফ্রিজে এক সপ্তাহ ধরে ছিল ।
আমার এই ব্যাপারটাও খুব ভালো লাগে যে তাদের কাছে তাজা কমলালেবুর রস পাওয়া যায়ে ।,আমার এই ব্যাপারটাও খুব খারাপ লাগে যে তাদের কাছে তাজা কমলালেবুর রস পাওয়া যায় না ।,আমার এই ব্যাপারটাও খুব খারাপ লাগে যে তাদের কাছে তাজা কমলালেবুর রস পাওয়া যায় না
আমাদের নদীতে কাটানো দিনটা খুবই প্রিয় এবং সেখানে আবারফিরে যেতে চাই ।,আমাদের নদীতে কাটানো দিনটা খুবই খারাপ অভিজ্ঞতার এবংসেখানে আর কোনদিন ফিরে যেতে চাই না ।,আমাদের নদীতে কাটানো দিনটা খুবই খারাপ অভিজ্ঞতার এবংসেখানে আর কোনদিন ফিরে যেতে চাই না ।
ফ্রাইড রাইসটা দুর্দান্ত খেতে ছিল এবং প্রচুর পরিমাণে ছিল ।,ফ্রাইড রাইসটা খুব খারাপ খেতে ছিল এবং অনেক পরিমাণে ছিল ।,ফ্রাইড রাইসটা খুব খারাপ খেতে ছিল এবং অনেক পরিমাণে ছিল ।
এতটাই বেশি পরিমাণ ছিল যে আমায়ে বাক্সে ভরে নিয়ে যেতেহয়েছে ।,"আমার আধা পেটে ফিরতে হয়েছিল, এতো কম পরিমাণ ছিল ।","আমার আধা পেটে ফিরতে হয়েছিল, এতো কম পরিমাণ ছিল ।"
কর্মীরা খুবই মিশুকে এবং তৎপর ।,কর্মীরা খুবই খারাপ এবং ধীর ছিল ।,কর্মীরা খুবই খারাপ এবং ধীর ছিল ।
"সালসাটা দুর্দান্ত খেতে, মাছটা সবথেকে সেরা, এবং পানীয়গুলোও দুর্দান্ত ।","সালসাটা পাতলা ছিল, মাছটা থেকে দুর্গন্ধ বেরচ্ছিল এবং পানীয়গুলো জলজলা ছিল ।","সালসাটা পাতলা ছিল, মাছটা থেকে দুর্গন্ধ বেরচ্ছিল এবং পানীয়গুলো জলজলা ছিল ।"
সবাইকে এখানে বাস করার সুপারিশ করব ।,আমি কাউকে এখানে বাস করার সুপারিশ করবও না ।,আমি কাউকে এখানে বাস করার সুপারিশ করবই না ।
এটা প্লেট থেকে তাড়াতাড়ি শেষ হয়ে গেছিল ।,এটা শেষ হয়েনি ।,এটা শেষ হয়েনা ।
ম্যাসাজ থেরাপিস্টও খুব ভালো ।,ম্যাসাজ থেরাপিস্টও ভয়ঙ্কর ।,ম্যাসাজ থেরাপিস্টও ভয়ঙ্কর ।
হুমাসটা একদম মাখনের মতো ছিল এবং খুবই সুস্বাদু ছিল ।,হুমাসটা অসম্ভব শুকনো এবং স্বাদহীন ছিল ।,হুমাসটা অসম্ভব শুকতে এবং স্বাদহীন ছিল ।
তা ছাড়া একটি দুর্দান্ত অভিজ্ঞতা এবং আমরা আবার যাব ।,তা ছাড়া একটি ভয়ানক অভিজ্ঞতা এবং আমরা সেখানে আর কোনদিনো যাবনা ।,তা ছাড়া একটি ভয়ানক অভিজ্ঞতা এবং আমরা সেখানে আর কোনদিনো যাবনা ।
"উপরন্তু, এতে প্রচুর সসেজ এবং বেকনের বিকল্প আছে ।","উপরন্তু, মেনুতে সসেজ বা বেকন কোনটাই ছিল না ।","সবার সবার উপরন্তু, মেনুতে সসেজ বা বেকন কোনটাই ছিল না ।"
বিয়ার এবং খাবার দুটোই দুর্দান্ত ছিল ।,"বিয়ারটা খুব একটা খারাপ ছিল না, তবে খাবারটা একদমই পছন্দ হয় নি ।","বিয়ারটা খুব একটা খারাপ ছিল না, তবে খাবারটা একদমই পছন্দ হয় নি ।"
যে জায়গাটা সে খুঁজে পেয়েছে সেটায়ে একটা বিশুদ্ধ গন্ধ আছে ।,"যে ঘরটা সে খুঁজে পেয়েছিল, তাতেও ধোঁয়ার গন্ধ ছিল ।","যে ঘরটা সে খুঁজে পেয়েছিল, তাতে ধোঁয়ার গন্ধ ছিল ।"
ফ্লারলেস চকলেট কেকটা আমার খাওয়া সবথেকে ভালোডেজার্টগুলোর মধ্যে একটা ।,ফ্লারলেস চকলেট কেকটা আমার খাওয়া সবথেকে খারাপডেজার্টগুলোর মধ্যে একটা ।,ফ্লারলেস চকলেট কেকটা আমার খাওয়া সবথেকে খারাপডেজার্টগুলোর মধ্যে একটা ।
সবাই খুব মিশুকে এবং জ্ঞানী ।,কেউ মিশুকে বা জ্ঞানী কোনটাই নয়  ।,কেউ মিশুকে বা জ্ঞানী কোনটাই নয়  ।
খাবারটা দুর্দান্ত এবং তাদের কর্মচারী এবং পরিষেবা আরো ভালো ।,তাদের বাকি খাবার খাওয়ার মতো ছিল তবে কর্মচারী এবং গ্রাহক পরিষেবার অবস্থা ভয়ঙ্কর ছিল ।,তাদের বাকি খাবার খাওয়ার মতো ছিল তবে কর্মচারী এবং গ্রাহক পরিষেবার অবস্থা ভয়ঙ্কর ছিল ।
"সব মিলিয়ে, আমার জায়গাটা খুব পছন্দের ।","সব মিলিয়ে, আমার জায়গাটা খুব একটা পছন্দের না ।","সব মিলিয়ে, আমার জায়গাটা খুব একটা আপনার পছন্দের না ।"
একটি স্থানীয় চেনের অনুযায়ে জায়গাটা দুর্দান্ত ।,একটি স্থানীয় চেনের অনুযায়ে জায়গাটা খুব খারাপ ।,একটি স্থানীয় চেনের অনুযায়ে জায়গাটা খুব সুন্দর ।
এই কোম্পানির প্রতি আজ আমার সম্মান আরো বেড়ে গেল ।,আজ রাতে এই কোম্পানির প্রতি আমার সব সম্মান শেষ হয়ে গেল ।,আজ রাতে এই কোম্পানির প্রতি আমার সব সম্মান শেষ হয়ে গেল ।
"তবে সৌভাগ্যবশত, ভদ্র মহিলাটিই আমাদের চেক আউট করছিলেন ।","তবে দুর্ভাগ্যবশত, অভদ্র মহিলাটিই আমাদের চেক আউট করছিলেন ।","তবে দুর্ভাগ্যবশত, অভদ্র মহিলাটিই আমাদের চেক আউট করছিলেন ।"
তাঁদের দুর্দান্ত গ্রাহক পরিষেবা এবং মনোভাবের ।,তাঁদের সত্যি তাঁদের গ্রাহক পরিষেবা এবং সাধারণ মনোভাবের উপর কাজ করা উচিত ।,তাঁদের সত্যি তাঁদের গ্রাহক পরিষেবা এবং সাধারণ মনোভাবের উপর কাজ করা উচিত ।
সে সবথেকে চমৎকার কাজ করেছে ।,সে সবথেকে ভয়াবহ কাজ করেছেন ।,সে সবথেকে ভয়াবহ কাজ করেছেন ।
যদি টাকার মূল্য চাও তাহলে এখানে যাও ।,ওখানে যেও না যদি না তুমি বাজে মূল্য দিতে চাও ।,ওখানে যেও না যদি না তুমি বাজে মূল্য দিতে চাও ।
"এটা আমার খুব প্রিয়, কারণ এটা চমৎকার ।","এটা আমার প্রিয় নয় , তবে অপছন্দও নয়  ।","এটা আমার প্রিয় নয়, তবে অপছন্দও এইই ।"
এটি সব কটার মধ্যে সবচেয়ে ভালো ওয়ালমার্ট বাজার।,এটি পাড়ার মধ্যে সবচেয়ে খারাপ ওয়ালমার্ট বাজার।,এটি পাড়ার মধ্যে সবচেয়ে খারাপ ওয়ালমার্ট বাজার।
"এগুলো দুর্দান্ত ছিল, খুব একটা তেলতেলে নয়, তবে বেশ তুলতুলে এবং হালকা ।","এগুলো খুব খারাপ ছিল, বড্ড তেলতেলে, এবং একদমই তুলতুলে বাহালকা নয়  ।","এগুলো খুব খারাপ ছিল, বড্ড তেলতেলে, এবং একদমই তুলতুলে বাহালকা নয়"
"বলাই বাহুল্য, আমি এই জায়গায়ে আবার ফিরে আসব ।","বলাই বাহুল্য, আমি এই জায়গায়ে আর কোনদিন ফেরত আসব না ।","বলাই বাহুল্য, আমি এই জায়গায়ে আর কোনদিন ফেরত আসব করি ।"
বয়স্ক ওয়েটরেসটি সত্যিই খুব মিষ্টি ছিল ।,বয়স্ক ওয়েটরেসটি একটা বিশাল ধাক্কা ছিল ।,বয়স্ক ওয়েটরেসটি একটা বিশাল ধাক্কা ছিল ।
আমি অবশ্যই আবার ফরমাশ করব ।,আমি আর ফরমাশ করব না ।,আমি আর ফরমাশ করতে পারব না ।
তাদের পিজ্জা এবং রাঞ্ছ আমার সবথেকে প্রিয় ।,তাদের পিজ্জা আমার চাখার মধ্যে সবথেকে খারাপ এবং সাথে তাদেররাঞ্ছ ও ।,তাদের পিজ্জা আমার চাখার মধ্যে সবথেকে খারাপ এবং সাথে তাদেররাঞ্ছ ও ।
ম্যানেজারটি খুব মিশুকে এবং সহানুভূতিশীল ছিলেন ।,"অবশেষে ম্যানেজার যখন দেখা দিলেন, উনি খুব বরখাস্ত এবং অভদ্র আচরণ করলেন ।","অবশেষে ম্যানেজার যখন দেখা দিলেন, উনি খুব বরখাস্ত এবং অভদ্র আচরণ করলেন ।"
দুর্দান্ত মধ্যাহ্নভোজের তালিকা এবং অসাধারণ কর্মীদল ।,জঘন্য মধ্যাহ্নভোজের তালিকা এবং জঘন্য কর্মীদল  ।,জঘন্য মধ্যাহ্নভোজের তালিকা এবং জঘন্য কর্মীদল ।
দামটা দুর্দান্ত ছিল ।,এতে যা পাওয়া যায়ে তার থেকে এর দাম অনেক বেশি ।,এতে যা পাওয়া যায়ে তার দাম অনেক বেশি ।
পরিষেবা দুর্দান্ত ছিল কারণ তারা আমাদের দিকে সম্পূর্ণনজর রেখেছিল ।,পরিষেবা ভয়ঙ্কর ছিল কারণ তারা আমাদের দিকে একদমই নজর দিচ্ছিল না ।,পরিষেবা ভয়ঙ্কর ছিল কারণ তারা আমাদের দিকে একদমই নজর দিচ্ছিল না
আপনি যাই নেবেন তার সাথে অবশ্যই তাযাতাযিকি সস ফরমাশ করবেন ।,আপনি যাই নিন না কেন তার সঙ্গে খবরদার তাযাতাযিকি সস ফরমাশ করবেন না ।,আপনি যাই নিন না কেন তার সঙ্গে খবরদার তাযাতাযিকি সস ফরমাশ করবেন না ।
"অসাধারণ কর্মী, অসমান্য খাবার, চমৎকার দামে ।","খারাপ কর্মী, ভয়ঙ্কর খাবার, অবিশ্বাস্য দামে ।","খারাপ কর্মী, ভয়ঙ্কর খাবার, সত্য দামে ।"
আমি প্রচণ্ডভাবে এই বেকারির সুপারিশ করি ।,আমি প্রচণ্ডভাবে এই বেকারির ব্যাবহার না করার সুপারিশ করি ।,আমি প্রচণ্ডভাবে এই বেকারির ব্যাবহার না করি ।
তাই জন্য সে তাদের থেকে একটি যুক্তিসংগত মাত্রা চাইতে পারে ।,তাই জন্য সে তাদের থেকে একটি বিপুল মাত্রা চাইতে পারে ।,তাই জন্য সে তাদের থেকে একটি বিপুল মাত্রা চাইতে পারে ।
"তা ছাড়া, আমি সত্যিই জানিনা এতে খারাপ কি ছিল ।","তা ছাড়া, আমি সত্যিই জানিনা এতে ভালো কি ছিল ।","তা ছাড়া, আমি সত্যিই জানিনা এতে ভালো কি ছিল ।"
যা যা খাবার আমি খেয়েছিলাম সবকটাই চমৎকার ছিল ।,যা যা খাবার আমি খেয়েছিলাম সবকটাই জঘন্য ছিল ।,যা যা খাবার আমি খেয়েছিলাম সবকটাই জঘন্য ছিল ।
পার্কিং : খুব ভালো ভাবে চিহ্নিত এবং খুব সুবিধাজনক অভিজ্ঞতা হয়েছে ।,"পার্কিং : কোন চিহ্ন বা কিছু ছিল না, তাই শুধুমাত্র অনুমান করতে হয়েছে  ।","পার্কিং : কোন চিহ্ন বা কিছু ছিল না, তাই শুধুমাত্র অনুমান করতে হয়েছে"
সব টুকরো একদম সমানভাবে রয়েছে তাই আমি খুব খুশি আমি এটার জন্য টাকা খরচাকরেছি ।,আমি ওটার জন্য টাকা খরচা করেছি কিন্তু তাতে অমসৃণ টুকরো এবং অনেক জায়গা থেকেবিচ্ছিন্ন টুকরো পাওয়া যাচ্ছে ।,আমি ওটার জন্য টাকা খরচা করেছি তাতে অমসৃণ টুকরো এবং অনেক জায়গা থেকেবিচ্ছিন্ন টুকরো পাওয়া যাচ্ছে ।
আমি এবং আমার পরিবার/ বন্ধুবান্ধবরা বছরের পর বছর এখানেযাচ্ছি ।,আমি এবং আমার পরিবার/ বন্ধুবান্ধবরা এখানে অনেক বছর হলোযাওয়া ছেড়ে দিয়েছি ।,আমি এবং আমার পরিবার/ বন্ধুবান্ধবরা এখানে অনেক বছর হলোযাওয়া ছেড়ে দিয়েছি ।
প্রথম কামড়ের পর তুমি আরও চাইবে ।,প্রথম কামড়ের পর তোমার খিদে একদম চলে যাবে ।,প্রথম কামড়ের পর তোমার খিদে একদম চলে যাবে.
ওহ আমি আমার ব্যান্ড গীক এখন ফিরে পেয়েছি !,ওহ আমি আমার ব্যান্ড গীক আর ফেরত পাইনি !,ওহ আমি আমার ব্যান্ড গীক আর ফেরত পাইনি!
এটা খুব ব্যক্তিগতকৃত এবং প্রাণবন্ত ছিল ।,ব্যক্তিগতকৃত বা মোটেই প্রাণবন্ত নয়  ।,ব্যক্তিগতকৃত মোটেই প্রাণবন্ত নয়  ।
এই পেছনের গলির শিল্পটাও দারুণ !,এই পেছনের গলির শিল্পটা একদম ভালো নয়  !,এই পেছনের গলির শিল্পটা একদম ভালো!
আমরা বসার পর খুব দ্রুত এবং প্রতিক্রিয়াশীল পরিষেবা পেয়েছি ।,আমরা বসার পরও খুব ধীর এবং অলস পরিষেবা পেয়েছি ।,আমরা বসার পরও খুব ধীর এবং অলস পরিষেবা পেয়েছি ।
তাঁর ''ফ্রি ডেজার্টের'' অফার খুব প্রশংসিত হয়েছিল ।,তাঁর ''ফ্রি ডেজার্টের'' অফার খুব অপ্রীতিকর ছিল ।,তাঁর ''ফ্রি ডেজার্টের'' অফার খুব অপ্রীতিকর ছিল ।
সে যাই ফরমাশ করি না কেন খাবার সবসময়ই চমৎকার হয় ।,সে যাই ফরমাশ করি না কেন খাবার সবসময়ই ভয়ঙ্কর হয় ।,সে যাই ফরমাশ করি না কেন খাবার সবসময়ই ভয়ঙ্কর আই ।
"পরিমাণটা অনেক ছিল, এবং খাবারটা গরম, তাজা এবং ভালোখেতে লাগছিল ।","পরিমাণটা কম ছিল, এবং খাবারটা ঠাণ্ডা, বাসি এবং অসুস্বাদু খেতেলাগছিল ।","পরিমাণটা খাবারটা ঠান্ডা, বাসি এবং অসুস্বাদু খেতেলাগছিল ।"
এটা একদম একটি প্রকৃত আইরিশ পাবের মতো  ।,এই জায়গাটা প্রকৃত আইরিশ পাবের মতো  নয়  যেটা খুব দুঃখজনক ।,এই জায়গাটা প্রকৃত আইরিশ পাবের মতো  নয় যেটা খুব দুঃখজনক ।
বিনা কোন খরচায়ে - দুর্দান্ত পরিষেবা  !,বেশি খরচায়ে - জঘন্য পরিষেবা  !,বেশি খরচায়ে - জঘন্য আপনি!
তাদের ব্যবহৃিত গাড়ী বিক্রির ব্যাপারে ভালো নাম আছে ।,তাদের ব্যবহৃইত গাড়ী বিক্রির ব্যাপারে খারাপ নাম আছে ।,তাদের ব্যবহৃইত গাড়ী বিক্রির ব্যাপারে খারাপ নাম করে আছে.
এটার গন্ধ এবং স্বাদ দুটোই অসাধারণ ।,এতে গতকালের তেলের এবং স্বাদের গন্ধ ছিল ।,তেলের এবং স্বাদের গন্ধ ছিল ।
তাদের অনেক বড় ম্যাসাজ চেয়ার রয়েছে এবং প্রতিটি ম্যানিকিউরস্টেশন মোটামোটি পরিষ্কার ।,তাদের ম্যাসাজ চেয়ারগুলো খুব অসস্থিকর এবং প্রতিটি ম্যানিকিউর স্টেশন খুব নোংরা ।,তাদের ম্যাসাজ চেয়ারগুলো খুব স্থিকর এবং প্রতিটি ম্যানিকিউর স্টেশন খুব নোংরা
উত্তর দ্রুত এসেছিল ।,এদিকে আমি উত্তরের জন্য অপেক্ষা করছি।,এদিকে আমি উত্তরের জন্য অপেক্ষা করা।
বারে বসে থাকতে বেশ মজা লাগে ।,বারে বসে থাকাটাও বিরক্তিকর ।,বারে বসে থাকাটাও ভাল ভাল ভাল ।
"আমরা দেখব যদি এটা হয়ে, এবং আমি অবশ্যই খুব খুশি ।",আমি দেখি যদি এটা হয় তবে আমি আমার নিশাস আটকে রাখব না ।,আমি দেখি যদি এটা হয় তবে আমি আমার নিশাস আটকে রাখব এখন ।
তার ডিমের স্যান্ডউইচগুলি যথাযথ ভাবে তৈরি করা এবং সুগন্ধিত ।,তার ডিমের স্যান্ডউইচগুলি পাতলা এবং দুর্গন্ধযুক্ত ।,তার ডিমের স্যান্ডউইচগুলি পাতলা এবং দুর্গন্ধযুক্ত ।
গ্রিলড আর্টিচোকগুলো অসাধারণ ছিল ।,আর্টিচোকগুলো ভয়ঙ্কর ছিল এবং একদমই ঠিকঠাক রান্না হয়েনি ।,আর্টিচোকগুলো ভয়ঙ্কর ছিল এবং একদমই ঠিকঠাক রান্না হয়েনি ।
একটি দীর্ঘ সময়ের গ্রাহক অর্জন করলাম !,অনেক পুরনো একটি গ্রাহককে হারালাম !,অনেক পুরনো একটি গ্রাহককে হারালাম!
তারা সবাই খুব মিশুকে ।,তারা সবাই একদমই মিশুকে নয়  ।,তারা সবাই একদমই মিশুকে আইন নয়  ।
সে সবসময় খুব ভালো ।,এটা কোন ব্যাপার নয় সে বাকি সময় খুবই ভালো ।,এটা কোন ব্যাপার নয় সে বাকি সময় খুবই ভালো.
আমি খুব কাছ থেকে দেখেছি ।,"হয়তো, আর মনোযোগ দিয়ে না দেখার দোষ ।","হয়তো, আর মনোযোগ দিয়ে না দেখার দোষ ।"
এটা প্রতিবারের পরিদর্শনে একটা সম্পূর্ণ নতুন অভিজ্ঞতা এবং স্বাদের খেলা ।,এটা একই বাসি অভিজ্ঞতা এবং গতানগুতিক প্রতিবারের মতো স্বাদ।,এটা একই বাসি অভিজ্ঞতা এবং গতানগুতিক প্রতিবারের মতো স্বাদ।
আমরা এখানে দেখেছি এমন কয়েকটি অনুষ্ঠানের নাম বলেছি ।,আমরা এখানে দেখেছি এমন কয়েকটি খারাপ অনুষ্ঠানের নাম বলেছি।,আমরা এখানে দেখেছি এমন কয়েকটি খারাপ অনুষ্ঠানের নাম বলেছি।
"তোমার অনেক সাহায্য হয়ে যাবে তাদের মিশুকে পরামর্শ, এবংভ্রমণের জ্ঞান দ্বারা ।",তোমার তাদের কোন অহংকারী উপদেষ্টা বা ভ্রমণ সম্পর্কে জ্ঞানেরঅভাব দিয়ে কোন সাহায্য হবে না ।,তোমার তাদের কোন অহংকারী উপদেষ্টা আমার জ্ঞানের ভ্রমণ সম্পর্কে কোন সাহায্য হবে না ।
সব মিলিয়ে একটা বা দুটো ড্রিঙ্ক করার জন্য এটা দুর্দান্ত জায়গা ।,সব মিলিয়ে একটা বা দুটো ড্রিঙ্ক করার জন্য এটা খুবই খারাপ জায়গা।,সব মিলিয়ে একটা বা দুটো ড্রিঙ্গ করার জন্য এটা খুবই খারাপ জায়গা।
জায়গাটা ঠিক প্রত্যাশিত মতোই ছিল ।,তবে এই জায়গাটি অর্থনৈতিক নয় তাই প্রত্যাশাটা আলাদা ছিল ।,তবে এই জায়গাটি অর্থনৈতিক নয় তাই প্রত্যাশাটা আলাদা ছিল ।
অক্টোপাস সাশিমি আমার খুব প্রিয় ।,অক্টোপাস সাশিমির একদম ভালো স্বাদ ছিল না ।,সাশিমির একদম ভালো স্বাদ ছিল না ।
খুব ভালো কারণ তারা অসাধারণ বিয়ার তৈরি করে ।,খুব খারাপ কারণ তারা অসাধারণ বিয়ার তৈরি করে ।,খুব খারাপ কারণ তারা অসাধারণ বিয়ার তৈরি করে ।
মাটিটা সবসময় পরিষ্কার থাকে ।,মাটিটা সবসময় নোংরা থাকে ।,সবসময় মাটিটা নোংরা থাকে ।
আমি অহি টুনাটা অবশ্য করে সুপারিশ করি ।,আমি অহি টুনাটা একদমই সুপারিশ করি না ।,আমি অহি টুনাটা একদমই সুপারিশ করি একদম ।
সবকিছু খুব তাজা এবং সুস্বাদু ছিল !,সবকিছু খুব পুরনো এবং অসুস্বাদু ছিল ।,সবকিছু খুব পুরনো এবং অসুস্বাদু ছিল ।
এই রিসোর্টটা চিরকাল স্কটসডেলে রয়েছে এবং এরা সত্যিই পরিষেবার মানে বোঝে ।,এই রিসোর্টটা চিরকাল স্কটসডেলে রয়েছে তবে এরা একদমই পরিষেবার মানে বোঝে না ।,এই রিসোর্টটা চিরকাল স্কটসডেলে রয়েছে তবে এরা একদমই পরিষেবার মানে বোঝে না ।
এখানকার খাবারও খুব ভালো ।,এখানকার খাবারও ভয়ঙ্কর ।,এখানকার খাবারও ভয়ঙ্কর ।
"হ্যাঁ, আমাদের আগামীকাল একটা টুর্নামেন্ট হতে চলেছে ।","না, আমাদের আগামীকাল একটা টুর্নামেন্ট হতে চলেছে ।","না, আমাদের আগামীকাল একটা টুর্নামেন্ট হতে চলেছে."
"এখানে মতামতের এখানে মানা হয়, এই জিনিসটাই এই সাইটটাকে দুর্দান্ত করে তোলে ।","আমি আমার মতামত পেশ করতে চাই, এই জায়গাটা সেটারই জন্য ।","আমি আমার মতামত পেশ করতে চাই, এই জায়গাটা সেটারই জন্য ।"
আমাকে এখানে কেনাকাটি করা থেকে কেউ আটকাতে পারবে না ।,তুমি আমাকে এখানে কোনদিনও কেনাকাটি করার জন্য টাকা দিতে পারবেনা ।,তুমি আমাকে এখানে কোনদিনও কেনাকাটি করার জন্য টাকা দিতে পারবেনা ।
খুব সুস্বাদু এবং অন্যান্য চেন সাব জয়েন্টর তুলনায়ে অনেকভালো চুক্তি ।,খুব বাজে এবং অন্যান্য চেন সাব জয়েন্টর তুলনায়ে আরও খারাপচুক্তি ।,খুব বাজে এবং অন্যান্য চেন সাব জয়েন্টর তুলনায়ে আরও খারাপচুক্তি ।
আমার স্বামী এবং আমি এখানে আমাদের বিবাহের ত্রিয় বার্ষিকীউপভোগ করেছিলাম ।,আমার স্বামী এবং আমি এখানে আমাদের বিবাহের ত্রিয় বার্ষিকীএকদম উপভোগ করতে পারিনি ।,আমার স্বামী এবং আমি এখানে আমাদের বিবাহের ত্রিয় বার্ষিকীএকদম উপভোগ করতে পারিনি ।
এটা সত্যিই ব্রাউন রাইস ।,এটা সত্যিকারের ব্রাউন রাইস নয়  ।,সত্যিকারের ব্রাউন রাইস আর নয়.
